sensor_id,name,email,phone,sensor_type,location,status,message,notif_type
1,User 1,user1@mail.com,+380991110001,DoorSensor,Room 5,active,Notification message 1,warning
2,User 2,user2@mail.com,+380991110002,MotionSensor,Room 46,active,Notification message 2,alarm
3,User 3,user3@mail.com,+380991110003,MotionSensor,Room 37,active,Notification message 3,alarm
4,User 4,user4@mail.com,+380991110004,MotionSensor,Room 4,inactive,Notification message 4,alarm
5,User 5,user5@mail.com,+380991110005,DoorSensor,Room 27,inactive,Notification message 5,info
6,User 6,user6@mail.com,+380991110006,DoorSensor,Room 35,inactive,Notification message 6,alarm
7,User 7,user7@mail.com,+380991110007,DoorSensor,Room 39,inactive,Notification message 7,alarm
8,User 8,user8@mail.com,+380991110008,MotionSensor,Room 2,inactive,Notification message 8,alarm
9,User 9,user9@mail.com,+380991110009,SmokeSensor,Room 6,inactive,Notification message 9,warning
10,User 10,user10@mail.com,+380991110010,MotionSensor,Room 2,inactive,Notification message 10,warning
11,User 11,user11@mail.com,+380991110011,DoorSensor,Room 37,inactive,Notification message 11,info
12,User 12,user12@mail.com,+380991110012,MotionSensor,Room 4,active,Notification message 12,warning
13,User 13,user13@mail.com,+380991110013,MotionSensor,Room 25,active,Notification message 13,info
14,User 14,user14@mail.com,+380991110014,SmokeSensor,Room 10,active,Notification message 14,alarm
15,User 15,user15@mail.com,+380991110015,SmokeSensor,Room 46,active,Notification message 15,info
16,User 16,user16@mail.com,+380991110016,SmokeSensor,Room 32,active,Notification message 16,alarm
17,User 17,user17@mail.com,+380991110017,MotionSensor,Room 18,active,Notification message 17,alarm
18,User 18,user18@mail.com,+380991110018,SmokeSensor,Room 39,active,Notification message 18,info
19,User 19,user19@mail.com,+380991110019,SmokeSensor,Room 10,active,Notification message 19,info
20,User 20,user20@mail.com,+380991110020,SmokeSensor,Room 48,active,Notification message 20,warning
21,User 21,user21@mail.com,+380991110021,DoorSensor,Room 37,active,Notification message 21,alarm
22,User 22,user22@mail.com,+380991110022,DoorSensor,Room 29,inactive,Notification message 22,alarm
23,User 23,user23@mail.com,+380991110023,DoorSensor,Room 3,inactive,Notification message 23,info
24,User 24,user24@mail.com,+380991110024,DoorSensor,Room 11,inactive,Notification message 24,alarm
25,User 25,user25@mail.com,+380991110025,DoorSensor,Room 24,inactive,Notification message 25,warning
26,User 26,user26@mail.com,+380991110026,DoorSensor,Room 12,active,Notification message 26,alarm
27,User 27,user27@mail.com,+380991110027,SmokeSensor,Room 18,inactive,Notification message 27,warning
28,User 28,user28@mail.com,+380991110028,SmokeSensor,Room 12,inactive,Notification message 28,alarm
29,User 29,user29@mail.com,+380991110029,DoorSensor,Room 35,inactive,Notification message 29,info
30,User 30,user30@mail.com,+380991110030,SmokeSensor,Room 30,active,Notification message 30,info
31,User 31,user31@mail.com,+380991110031,MotionSensor,Room 18,inactive,Notification message 31,info
32,User 32,user32@mail.com,+380991110032,MotionSensor,Room 25,active,Notification message 32,warning
33,User 33,user33@mail.com,+380991110033,SmokeSensor,Room 39,inactive,Notification message 33,warning
34,User 34,user34@mail.com,+380991110034,SmokeSensor,Room 5,active,Notification message 34,info
35,User 35,user35@mail.com,+380991110035,SmokeSensor,Room 13,active,Notification message 35,alarm
36,User 36,user36@mail.com,+380991110036,MotionSensor,Room 36,active,Notification message 36,alarm
37,User 37,user37@mail.com,+380991110037,MotionSensor,Room 42,active,Notification message 37,alarm
38,User 38,user38@mail.com,+380991110038,DoorSensor,Room 12,inactive,Notification message 38,info
39,User 39,user39@mail.com,+380991110039,DoorSensor,Room 38,inactive,Notification message 39,info
40,User 40,user40@mail.com,+380991110040,SmokeSensor,Room 36,active,Notification message 40,info
41,User 41,user41@mail.com,+380991110041,MotionSensor,Room 17,active,Notification message 41,warning
42,User 42,user42@mail.com,+380991110042,DoorSensor,Room 27,active,Notification message 42,warning
43,User 43,user43@mail.com,+380991110043,MotionSensor,Room 36,inactive,Notification message 43,info
44,User 44,user44@mail.com,+380991110044,SmokeSensor,Room 10,inactive,Notification message 44,info
45,User 45,user45@mail.com,+380991110045,DoorSensor,Room 45,active,Notification message 45,info
46,User 46,user46@mail.com,+380991110046,SmokeSensor,Room 8,active,Notification message 46,warning
47,User 47,user47@mail.com,+380991110047,MotionSensor,Room 15,inactive,Notification message 47,warning
48,User 48,user48@mail.com,+380991110048,SmokeSensor,Room 13,inactive,Notification message 48,info
49,User 49,user49@mail.com,+380991110049,DoorSensor,Room 5,active,Notification message 49,info
50,User 50,user50@mail.com,+380991110050,DoorSensor,Room 21,active,Notification message 50,warning
51,User 51,user51@mail.com,+380991110051,DoorSensor,Room 46,active,Notification message 51,info
52,User 52,user52@mail.com,+380991110052,DoorSensor,Room 6,inactive,Notification message 52,info
53,User 53,user53@mail.com,+380991110053,DoorSensor,Room 45,inactive,Notification message 53,alarm
54,User 54,user54@mail.com,+380991110054,DoorSensor,Room 4,active,Notification message 54,info
55,User 55,user55@mail.com,+380991110055,DoorSensor,Room 21,active,Notification message 55,alarm
56,User 56,user56@mail.com,+380991110056,SmokeSensor,Room 41,active,Notification message 56,info
57,User 57,user57@mail.com,+380991110057,DoorSensor,Room 39,active,Notification message 57,warning
58,User 58,user58@mail.com,+380991110058,DoorSensor,Room 5,active,Notification message 58,info
59,User 59,user59@mail.com,+380991110059,SmokeSensor,Room 34,active,Notification message 59,info
60,User 60,user60@mail.com,+380991110060,SmokeSensor,Room 33,active,Notification message 60,warning
61,User 61,user61@mail.com,+380991110061,SmokeSensor,Room 6,inactive,Notification message 61,warning
62,User 62,user62@mail.com,+380991110062,MotionSensor,Room 46,active,Notification message 62,info
63,User 63,user63@mail.com,+380991110063,DoorSensor,Room 46,inactive,Notification message 63,warning
64,User 64,user64@mail.com,+380991110064,DoorSensor,Room 22,inactive,Notification message 64,info
65,User 65,user65@mail.com,+380991110065,SmokeSensor,Room 38,inactive,Notification message 65,alarm
66,User 66,user66@mail.com,+380991110066,MotionSensor,Room 43,active,Notification message 66,info
67,User 67,user67@mail.com,+380991110067,DoorSensor,Room 18,inactive,Notification message 67,warning
68,User 68,user68@mail.com,+380991110068,MotionSensor,Room 27,inactive,Notification message 68,warning
69,User 69,user69@mail.com,+380991110069,SmokeSensor,Room 38,inactive,Notification message 69,info
70,User 70,user70@mail.com,+380991110070,SmokeSensor,Room 21,inactive,Notification message 70,info
71,User 71,user71@mail.com,+380991110071,MotionSensor,Room 27,active,Notification message 71,warning
72,User 72,user72@mail.com,+380991110072,MotionSensor,Room 16,inactive,Notification message 72,warning
73,User 73,user73@mail.com,+380991110073,DoorSensor,Room 21,active,Notification message 73,warning
74,User 74,user74@mail.com,+380991110074,MotionSensor,Room 45,active,Notification message 74,info
75,User 75,user75@mail.com,+380991110075,SmokeSensor,Room 17,inactive,Notification message 75,warning
76,User 76,user76@mail.com,+380991110076,MotionSensor,Room 43,active,Notification message 76,alarm
77,User 77,user77@mail.com,+380991110077,SmokeSensor,Room 40,active,Notification message 77,info
78,User 78,user78@mail.com,+380991110078,DoorSensor,Room 26,inactive,Notification message 78,alarm
79,User 79,user79@mail.com,+380991110079,DoorSensor,Room 15,active,Notification message 79,info
80,User 80,user80@mail.com,+380991110080,MotionSensor,Room 23,active,Notification message 80,info
81,User 81,user81@mail.com,+380991110081,MotionSensor,Room 3,inactive,Notification message 81,info
82,User 82,user82@mail.com,+380991110082,SmokeSensor,Room 24,active,Notification message 82,info
83,User 83,user83@mail.com,+380991110083,DoorSensor,Room 33,inactive,Notification message 83,info
84,User 84,user84@mail.com,+380991110084,MotionSensor,Room 10,active,Notification message 84,alarm
85,User 85,user85@mail.com,+380991110085,SmokeSensor,Room 10,active,Notification message 85,info
86,User 86,user86@mail.com,+380991110086,SmokeSensor,Room 16,inactive,Notification message 86,alarm
87,User 87,user87@mail.com,+380991110087,MotionSensor,Room 27,inactive,Notification message 87,warning
88,User 88,user88@mail.com,+380991110088,DoorSensor,Room 5,active,Notification message 88,info
89,User 89,user89@mail.com,+380991110089,DoorSensor,Room 24,active,Notification message 89,info
90,User 90,user90@mail.com,+380991110090,MotionSensor,Room 23,inactive,Notification message 90,info
91,User 91,user91@mail.com,+380991110091,DoorSensor,Room 18,inactive,Notification message 91,alarm
92,User 92,user92@mail.com,+380991110092,SmokeSensor,Room 35,active,Notification message 92,alarm
93,User 93,user93@mail.com,+380991110093,DoorSensor,Room 41,inactive,Notification message 93,warning
94,User 94,user94@mail.com,+380991110094,MotionSensor,Room 6,inactive,Notification message 94,alarm
95,User 95,user95@mail.com,+380991110095,SmokeSensor,Room 48,active,Notification message 95,info
96,User 96,user96@mail.com,+380991110096,DoorSensor,Room 8,inactive,Notification message 96,alarm
97,User 97,user97@mail.com,+380991110097,SmokeSensor,Room 33,inactive,Notification message 97,alarm
98,User 98,user98@mail.com,+380991110098,MotionSensor,Room 19,active,Notification message 98,alarm
99,User 99,user99@mail.com,+380991110099,SmokeSensor,Room 3,active,Notification message 99,info
100,User 100,user100@mail.com,+380991110100,SmokeSensor,Room 7,active,Notification message 100,warning
101,User 101,user101@mail.com,+380991110101,MotionSensor,Room 35,active,Notification message 101,warning
102,User 102,user102@mail.com,+380991110102,SmokeSensor,Room 3,inactive,Notification message 102,info
103,User 103,user103@mail.com,+380991110103,MotionSensor,Room 8,active,Notification message 103,warning
104,User 104,user104@mail.com,+380991110104,DoorSensor,Room 49,inactive,Notification message 104,warning
105,User 105,user105@mail.com,+380991110105,MotionSensor,Room 36,inactive,Notification message 105,warning
106,User 106,user106@mail.com,+380991110106,DoorSensor,Room 7,inactive,Notification message 106,warning
107,User 107,user107@mail.com,+380991110107,MotionSensor,Room 45,active,Notification message 107,warning
108,User 108,user108@mail.com,+380991110108,SmokeSensor,Room 1,active,Notification message 108,info
109,User 109,user109@mail.com,+380991110109,SmokeSensor,Room 9,active,Notification message 109,alarm
110,User 110,user110@mail.com,+380991110110,DoorSensor,Room 21,active,Notification message 110,info
111,User 111,user111@mail.com,+380991110111,DoorSensor,Room 30,inactive,Notification message 111,warning
112,User 112,user112@mail.com,+380991110112,SmokeSensor,Room 42,active,Notification message 112,alarm
113,User 113,user113@mail.com,+380991110113,DoorSensor,Room 45,active,Notification message 113,info
114,User 114,user114@mail.com,+380991110114,SmokeSensor,Room 24,inactive,Notification message 114,alarm
115,User 115,user115@mail.com,+380991110115,SmokeSensor,Room 26,active,Notification message 115,warning
116,User 116,user116@mail.com,+380991110116,DoorSensor,Room 6,inactive,Notification message 116,info
117,User 117,user117@mail.com,+380991110117,MotionSensor,Room 12,active,Notification message 117,info
118,User 118,user118@mail.com,+380991110118,SmokeSensor,Room 46,inactive,Notification message 118,info
119,User 119,user119@mail.com,+380991110119,DoorSensor,Room 42,active,Notification message 119,alarm
120,User 120,user120@mail.com,+380991110120,DoorSensor,Room 1,active,Notification message 120,alarm
121,User 121,user121@mail.com,+380991110121,DoorSensor,Room 45,inactive,Notification message 121,alarm
122,User 122,user122@mail.com,+380991110122,MotionSensor,Room 16,inactive,Notification message 122,info
123,User 123,user123@mail.com,+380991110123,DoorSensor,Room 16,inactive,Notification message 123,info
124,User 124,user124@mail.com,+380991110124,MotionSensor,Room 40,active,Notification message 124,warning
125,User 125,user125@mail.com,+380991110125,SmokeSensor,Room 7,inactive,Notification message 125,info
126,User 126,user126@mail.com,+380991110126,MotionSensor,Room 19,inactive,Notification message 126,info
127,User 127,user127@mail.com,+380991110127,SmokeSensor,Room 5,inactive,Notification message 127,alarm
128,User 128,user128@mail.com,+380991110128,MotionSensor,Room 34,inactive,Notification message 128,info
129,User 129,user129@mail.com,+380991110129,DoorSensor,Room 3,inactive,Notification message 129,warning
130,User 130,user130@mail.com,+380991110130,MotionSensor,Room 48,active,Notification message 130,alarm
131,User 131,user131@mail.com,+380991110131,MotionSensor,Room 43,inactive,Notification message 131,alarm
132,User 132,user132@mail.com,+380991110132,DoorSensor,Room 6,active,Notification message 132,alarm
133,User 133,user133@mail.com,+380991110133,MotionSensor,Room 45,active,Notification message 133,warning
134,User 134,user134@mail.com,+380991110134,SmokeSensor,Room 27,active,Notification message 134,alarm
135,User 135,user135@mail.com,+380991110135,DoorSensor,Room 9,inactive,Notification message 135,info
136,User 136,user136@mail.com,+380991110136,SmokeSensor,Room 17,active,Notification message 136,alarm
137,User 137,user137@mail.com,+380991110137,MotionSensor,Room 27,inactive,Notification message 137,info
138,User 138,user138@mail.com,+380991110138,DoorSensor,Room 46,active,Notification message 138,warning
139,User 139,user139@mail.com,+380991110139,DoorSensor,Room 36,inactive,Notification message 139,info
140,User 140,user140@mail.com,+380991110140,DoorSensor,Room 17,active,Notification message 140,alarm
141,User 141,user141@mail.com,+380991110141,MotionSensor,Room 33,active,Notification message 141,alarm
142,User 142,user142@mail.com,+380991110142,SmokeSensor,Room 7,inactive,Notification message 142,warning
143,User 143,user143@mail.com,+380991110143,MotionSensor,Room 50,inactive,Notification message 143,alarm
144,User 144,user144@mail.com,+380991110144,MotionSensor,Room 25,active,Notification message 144,alarm
145,User 145,user145@mail.com,+380991110145,DoorSensor,Room 46,inactive,Notification message 145,warning
146,User 146,user146@mail.com,+380991110146,DoorSensor,Room 46,inactive,Notification message 146,info
147,User 147,user147@mail.com,+380991110147,DoorSensor,Room 45,active,Notification message 147,info
148,User 148,user148@mail.com,+380991110148,SmokeSensor,Room 34,active,Notification message 148,alarm
149,User 149,user149@mail.com,+380991110149,SmokeSensor,Room 2,inactive,Notification message 149,alarm
150,User 150,user150@mail.com,+380991110150,SmokeSensor,Room 37,active,Notification message 150,alarm
151,User 151,user151@mail.com,+380991110151,DoorSensor,Room 9,inactive,Notification message 151,warning
152,User 152,user152@mail.com,+380991110152,MotionSensor,Room 2,active,Notification message 152,warning
153,User 153,user153@mail.com,+380991110153,SmokeSensor,Room 27,active,Notification message 153,warning
154,User 154,user154@mail.com,+380991110154,DoorSensor,Room 40,inactive,Notification message 154,alarm
155,User 155,user155@mail.com,+380991110155,SmokeSensor,Room 41,inactive,Notification message 155,info
156,User 156,user156@mail.com,+380991110156,MotionSensor,Room 11,inactive,Notification message 156,warning
157,User 157,user157@mail.com,+380991110157,MotionSensor,Room 19,inactive,Notification message 157,alarm
158,User 158,user158@mail.com,+380991110158,MotionSensor,Room 40,inactive,Notification message 158,alarm
159,User 159,user159@mail.com,+380991110159,SmokeSensor,Room 47,inactive,Notification message 159,info
160,User 160,user160@mail.com,+380991110160,DoorSensor,Room 3,active,Notification message 160,info
161,User 161,user161@mail.com,+380991110161,MotionSensor,Room 34,inactive,Notification message 161,warning
162,User 162,user162@mail.com,+380991110162,DoorSensor,Room 9,inactive,Notification message 162,alarm
163,User 163,user163@mail.com,+380991110163,MotionSensor,Room 23,inactive,Notification message 163,alarm
164,User 164,user164@mail.com,+380991110164,MotionSensor,Room 32,active,Notification message 164,alarm
165,User 165,user165@mail.com,+380991110165,SmokeSensor,Room 7,active,Notification message 165,info
166,User 166,user166@mail.com,+380991110166,DoorSensor,Room 48,active,Notification message 166,info
167,User 167,user167@mail.com,+380991110167,MotionSensor,Room 32,active,Notification message 167,alarm
168,User 168,user168@mail.com,+380991110168,SmokeSensor,Room 48,inactive,Notification message 168,warning
169,User 169,user169@mail.com,+380991110169,SmokeSensor,Room 49,active,Notification message 169,alarm
170,User 170,user170@mail.com,+380991110170,MotionSensor,Room 30,inactive,Notification message 170,alarm
171,User 171,user171@mail.com,+380991110171,MotionSensor,Room 35,active,Notification message 171,alarm
172,User 172,user172@mail.com,+380991110172,DoorSensor,Room 23,inactive,Notification message 172,alarm
173,User 173,user173@mail.com,+380991110173,SmokeSensor,Room 4,active,Notification message 173,warning
174,User 174,user174@mail.com,+380991110174,SmokeSensor,Room 37,active,Notification message 174,alarm
175,User 175,user175@mail.com,+380991110175,MotionSensor,Room 36,active,Notification message 175,warning
176,User 176,user176@mail.com,+380991110176,SmokeSensor,Room 6,active,Notification message 176,info
177,User 177,user177@mail.com,+380991110177,MotionSensor,Room 37,active,Notification message 177,warning
178,User 178,user178@mail.com,+380991110178,SmokeSensor,Room 29,inactive,Notification message 178,info
179,User 179,user179@mail.com,+380991110179,SmokeSensor,Room 3,active,Notification message 179,info
180,User 180,user180@mail.com,+380991110180,MotionSensor,Room 23,active,Notification message 180,alarm
181,User 181,user181@mail.com,+380991110181,MotionSensor,Room 30,inactive,Notification message 181,warning
182,User 182,user182@mail.com,+380991110182,MotionSensor,Room 6,inactive,Notification message 182,warning
183,User 183,user183@mail.com,+380991110183,MotionSensor,Room 35,inactive,Notification message 183,warning
184,User 184,user184@mail.com,+380991110184,MotionSensor,Room 4,inactive,Notification message 184,alarm
185,User 185,user185@mail.com,+380991110185,DoorSensor,Room 16,active,Notification message 185,alarm
186,User 186,user186@mail.com,+380991110186,DoorSensor,Room 8,active,Notification message 186,alarm
187,User 187,user187@mail.com,+380991110187,MotionSensor,Room 13,active,Notification message 187,warning
188,User 188,user188@mail.com,+380991110188,SmokeSensor,Room 45,active,Notification message 188,info
189,User 189,user189@mail.com,+380991110189,MotionSensor,Room 48,inactive,Notification message 189,info
190,User 190,user190@mail.com,+380991110190,SmokeSensor,Room 25,active,Notification message 190,info
191,User 191,user191@mail.com,+380991110191,MotionSensor,Room 18,inactive,Notification message 191,warning
192,User 192,user192@mail.com,+380991110192,DoorSensor,Room 26,inactive,Notification message 192,info
193,User 193,user193@mail.com,+380991110193,SmokeSensor,Room 33,active,Notification message 193,info
194,User 194,user194@mail.com,+380991110194,SmokeSensor,Room 44,inactive,Notification message 194,warning
195,User 195,user195@mail.com,+380991110195,DoorSensor,Room 23,active,Notification message 195,warning
196,User 196,user196@mail.com,+380991110196,MotionSensor,Room 34,inactive,Notification message 196,warning
197,User 197,user197@mail.com,+380991110197,MotionSensor,Room 42,active,Notification message 197,alarm
198,User 198,user198@mail.com,+380991110198,DoorSensor,Room 28,active,Notification message 198,warning
199,User 199,user199@mail.com,+380991110199,DoorSensor,Room 24,active,Notification message 199,alarm
200,User 200,user200@mail.com,+380991110200,MotionSensor,Room 21,active,Notification message 200,alarm
201,User 201,user201@mail.com,+380991110201,SmokeSensor,Room 7,active,Notification message 201,info
202,User 202,user202@mail.com,+380991110202,DoorSensor,Room 18,inactive,Notification message 202,alarm
203,User 203,user203@mail.com,+380991110203,DoorSensor,Room 15,inactive,Notification message 203,info
204,User 204,user204@mail.com,+380991110204,DoorSensor,Room 12,inactive,Notification message 204,info
205,User 205,user205@mail.com,+380991110205,MotionSensor,Room 41,active,Notification message 205,info
206,User 206,user206@mail.com,+380991110206,MotionSensor,Room 12,inactive,Notification message 206,info
207,User 207,user207@mail.com,+380991110207,DoorSensor,Room 47,inactive,Notification message 207,alarm
208,User 208,user208@mail.com,+380991110208,MotionSensor,Room 4,inactive,Notification message 208,info
209,User 209,user209@mail.com,+380991110209,SmokeSensor,Room 15,active,Notification message 209,info
210,User 210,user210@mail.com,+380991110210,DoorSensor,Room 12,active,Notification message 210,info
211,User 211,user211@mail.com,+380991110211,MotionSensor,Room 28,active,Notification message 211,info
212,User 212,user212@mail.com,+380991110212,SmokeSensor,Room 17,active,Notification message 212,info
213,User 213,user213@mail.com,+380991110213,MotionSensor,Room 3,active,Notification message 213,alarm
214,User 214,user214@mail.com,+380991110214,MotionSensor,Room 24,inactive,Notification message 214,warning
215,User 215,user215@mail.com,+380991110215,DoorSensor,Room 7,active,Notification message 215,warning
216,User 216,user216@mail.com,+380991110216,MotionSensor,Room 42,inactive,Notification message 216,alarm
217,User 217,user217@mail.com,+380991110217,SmokeSensor,Room 9,active,Notification message 217,info
218,User 218,user218@mail.com,+380991110218,DoorSensor,Room 34,inactive,Notification message 218,info
219,User 219,user219@mail.com,+380991110219,MotionSensor,Room 38,inactive,Notification message 219,warning
220,User 220,user220@mail.com,+380991110220,MotionSensor,Room 36,active,Notification message 220,warning
221,User 221,user221@mail.com,+380991110221,MotionSensor,Room 45,inactive,Notification message 221,warning
222,User 222,user222@mail.com,+380991110222,MotionSensor,Room 5,active,Notification message 222,warning
223,User 223,user223@mail.com,+380991110223,DoorSensor,Room 29,active,Notification message 223,warning
224,User 224,user224@mail.com,+380991110224,SmokeSensor,Room 19,active,Notification message 224,warning
225,User 225,user225@mail.com,+380991110225,MotionSensor,Room 20,active,Notification message 225,warning
226,User 226,user226@mail.com,+380991110226,MotionSensor,Room 32,active,Notification message 226,info
227,User 227,user227@mail.com,+380991110227,DoorSensor,Room 21,inactive,Notification message 227,info
228,User 228,user228@mail.com,+380991110228,DoorSensor,Room 4,active,Notification message 228,warning
229,User 229,user229@mail.com,+380991110229,DoorSensor,Room 32,inactive,Notification message 229,info
230,User 230,user230@mail.com,+380991110230,SmokeSensor,Room 6,active,Notification message 230,info
231,User 231,user231@mail.com,+380991110231,DoorSensor,Room 32,active,Notification message 231,warning
232,User 232,user232@mail.com,+380991110232,SmokeSensor,Room 20,active,Notification message 232,alarm
233,User 233,user233@mail.com,+380991110233,SmokeSensor,Room 21,active,Notification message 233,info
234,User 234,user234@mail.com,+380991110234,SmokeSensor,Room 50,inactive,Notification message 234,info
235,User 235,user235@mail.com,+380991110235,DoorSensor,Room 24,active,Notification message 235,warning
236,User 236,user236@mail.com,+380991110236,SmokeSensor,Room 44,inactive,Notification message 236,info
237,User 237,user237@mail.com,+380991110237,MotionSensor,Room 8,active,Notification message 237,alarm
238,User 238,user238@mail.com,+380991110238,SmokeSensor,Room 8,inactive,Notification message 238,alarm
239,User 239,user239@mail.com,+380991110239,MotionSensor,Room 37,active,Notification message 239,warning
240,User 240,user240@mail.com,+380991110240,MotionSensor,Room 26,active,Notification message 240,alarm
241,User 241,user241@mail.com,+380991110241,MotionSensor,Room 25,active,Notification message 241,warning
242,User 242,user242@mail.com,+380991110242,MotionSensor,Room 20,active,Notification message 242,info
243,User 243,user243@mail.com,+380991110243,MotionSensor,Room 20,active,Notification message 243,alarm
244,User 244,user244@mail.com,+380991110244,DoorSensor,Room 2,active,Notification message 244,info
245,User 245,user245@mail.com,+380991110245,DoorSensor,Room 45,active,Notification message 245,alarm
246,User 246,user246@mail.com,+380991110246,MotionSensor,Room 23,inactive,Notification message 246,alarm
247,User 247,user247@mail.com,+380991110247,DoorSensor,Room 5,inactive,Notification message 247,alarm
248,User 248,user248@mail.com,+380991110248,MotionSensor,Room 32,inactive,Notification message 248,warning
249,User 249,user249@mail.com,+380991110249,MotionSensor,Room 15,inactive,Notification message 249,info
250,User 250,user250@mail.com,+380991110250,SmokeSensor,Room 8,active,Notification message 250,warning
251,User 251,user251@mail.com,+380991110251,DoorSensor,Room 13,active,Notification message 251,info
252,User 252,user252@mail.com,+380991110252,DoorSensor,Room 32,active,Notification message 252,warning
253,User 253,user253@mail.com,+380991110253,DoorSensor,Room 22,inactive,Notification message 253,warning
254,User 254,user254@mail.com,+380991110254,DoorSensor,Room 10,inactive,Notification message 254,info
255,User 255,user255@mail.com,+380991110255,DoorSensor,Room 23,active,Notification message 255,warning
256,User 256,user256@mail.com,+380991110256,DoorSensor,Room 31,active,Notification message 256,warning
257,User 257,user257@mail.com,+380991110257,DoorSensor,Room 48,inactive,Notification message 257,info
258,User 258,user258@mail.com,+380991110258,MotionSensor,Room 14,active,Notification message 258,alarm
259,User 259,user259@mail.com,+380991110259,MotionSensor,Room 26,inactive,Notification message 259,info
260,User 260,user260@mail.com,+380991110260,DoorSensor,Room 35,inactive,Notification message 260,warning
261,User 261,user261@mail.com,+380991110261,MotionSensor,Room 33,inactive,Notification message 261,info
262,User 262,user262@mail.com,+380991110262,DoorSensor,Room 26,active,Notification message 262,alarm
263,User 263,user263@mail.com,+380991110263,DoorSensor,Room 13,active,Notification message 263,warning
264,User 264,user264@mail.com,+380991110264,SmokeSensor,Room 27,active,Notification message 264,warning
265,User 265,user265@mail.com,+380991110265,DoorSensor,Room 46,active,Notification message 265,info
266,User 266,user266@mail.com,+380991110266,MotionSensor,Room 32,inactive,Notification message 266,warning
267,User 267,user267@mail.com,+380991110267,MotionSensor,Room 6,inactive,Notification message 267,warning
268,User 268,user268@mail.com,+380991110268,SmokeSensor,Room 35,active,Notification message 268,warning
269,User 269,user269@mail.com,+380991110269,DoorSensor,Room 1,active,Notification message 269,warning
270,User 270,user270@mail.com,+380991110270,DoorSensor,Room 37,inactive,Notification message 270,alarm
271,User 271,user271@mail.com,+380991110271,SmokeSensor,Room 1,inactive,Notification message 271,alarm
272,User 272,user272@mail.com,+380991110272,SmokeSensor,Room 31,inactive,Notification message 272,info
273,User 273,user273@mail.com,+380991110273,SmokeSensor,Room 34,inactive,Notification message 273,warning
274,User 274,user274@mail.com,+380991110274,MotionSensor,Room 31,inactive,Notification message 274,info
275,User 275,user275@mail.com,+380991110275,DoorSensor,Room 37,active,Notification message 275,warning
276,User 276,user276@mail.com,+380991110276,DoorSensor,Room 27,inactive,Notification message 276,alarm
277,User 277,user277@mail.com,+380991110277,DoorSensor,Room 3,active,Notification message 277,alarm
278,User 278,user278@mail.com,+380991110278,MotionSensor,Room 37,active,Notification message 278,info
279,User 279,user279@mail.com,+380991110279,DoorSensor,Room 5,inactive,Notification message 279,alarm
280,User 280,user280@mail.com,+380991110280,SmokeSensor,Room 8,active,Notification message 280,warning
281,User 281,user281@mail.com,+380991110281,SmokeSensor,Room 29,active,Notification message 281,alarm
282,User 282,user282@mail.com,+380991110282,MotionSensor,Room 30,inactive,Notification message 282,warning
283,User 283,user283@mail.com,+380991110283,MotionSensor,Room 39,active,Notification message 283,info
284,User 284,user284@mail.com,+380991110284,SmokeSensor,Room 31,active,Notification message 284,alarm
285,User 285,user285@mail.com,+380991110285,SmokeSensor,Room 11,active,Notification message 285,warning
286,User 286,user286@mail.com,+380991110286,DoorSensor,Room 11,active,Notification message 286,warning
287,User 287,user287@mail.com,+380991110287,SmokeSensor,Room 3,inactive,Notification message 287,alarm
288,User 288,user288@mail.com,+380991110288,SmokeSensor,Room 1,active,Notification message 288,info
289,User 289,user289@mail.com,+380991110289,MotionSensor,Room 48,active,Notification message 289,warning
290,User 290,user290@mail.com,+380991110290,DoorSensor,Room 22,inactive,Notification message 290,warning
291,User 291,user291@mail.com,+380991110291,MotionSensor,Room 27,active,Notification message 291,info
292,User 292,user292@mail.com,+380991110292,DoorSensor,Room 47,active,Notification message 292,warning
293,User 293,user293@mail.com,+380991110293,DoorSensor,Room 1,inactive,Notification message 293,warning
294,User 294,user294@mail.com,+380991110294,MotionSensor,Room 31,active,Notification message 294,warning
295,User 295,user295@mail.com,+380991110295,DoorSensor,Room 1,active,Notification message 295,alarm
296,User 296,user296@mail.com,+380991110296,MotionSensor,Room 22,inactive,Notification message 296,info
297,User 297,user297@mail.com,+380991110297,MotionSensor,Room 10,inactive,Notification message 297,alarm
298,User 298,user298@mail.com,+380991110298,SmokeSensor,Room 47,inactive,Notification message 298,alarm
299,User 299,user299@mail.com,+380991110299,DoorSensor,Room 38,active,Notification message 299,info
300,User 300,user300@mail.com,+380991110300,DoorSensor,Room 1,inactive,Notification message 300,warning
301,User 301,user301@mail.com,+380991110301,SmokeSensor,Room 41,inactive,Notification message 301,info
302,User 302,user302@mail.com,+380991110302,SmokeSensor,Room 37,inactive,Notification message 302,info
303,User 303,user303@mail.com,+380991110303,MotionSensor,Room 15,inactive,Notification message 303,info
304,User 304,user304@mail.com,+380991110304,DoorSensor,Room 49,active,Notification message 304,alarm
305,User 305,user305@mail.com,+380991110305,MotionSensor,Room 25,active,Notification message 305,info
306,User 306,user306@mail.com,+380991110306,SmokeSensor,Room 26,inactive,Notification message 306,alarm
307,User 307,user307@mail.com,+380991110307,SmokeSensor,Room 20,active,Notification message 307,alarm
308,User 308,user308@mail.com,+380991110308,DoorSensor,Room 24,active,Notification message 308,warning
309,User 309,user309@mail.com,+380991110309,DoorSensor,Room 10,inactive,Notification message 309,info
310,User 310,user310@mail.com,+380991110310,SmokeSensor,Room 45,inactive,Notification message 310,info
311,User 311,user311@mail.com,+380991110311,MotionSensor,Room 20,inactive,Notification message 311,alarm
312,User 312,user312@mail.com,+380991110312,SmokeSensor,Room 30,inactive,Notification message 312,info
313,User 313,user313@mail.com,+380991110313,DoorSensor,Room 49,inactive,Notification message 313,warning
314,User 314,user314@mail.com,+380991110314,MotionSensor,Room 35,active,Notification message 314,warning
315,User 315,user315@mail.com,+380991110315,DoorSensor,Room 43,active,Notification message 315,warning
316,User 316,user316@mail.com,+380991110316,DoorSensor,Room 12,active,Notification message 316,warning
317,User 317,user317@mail.com,+380991110317,MotionSensor,Room 3,active,Notification message 317,info
318,User 318,user318@mail.com,+380991110318,MotionSensor,Room 29,inactive,Notification message 318,warning
319,User 319,user319@mail.com,+380991110319,SmokeSensor,Room 23,inactive,Notification message 319,info
320,User 320,user320@mail.com,+380991110320,MotionSensor,Room 37,inactive,Notification message 320,warning
321,User 321,user321@mail.com,+380991110321,SmokeSensor,Room 34,inactive,Notification message 321,alarm
322,User 322,user322@mail.com,+380991110322,MotionSensor,Room 44,inactive,Notification message 322,warning
323,User 323,user323@mail.com,+380991110323,SmokeSensor,Room 6,active,Notification message 323,alarm
324,User 324,user324@mail.com,+380991110324,MotionSensor,Room 38,active,Notification message 324,alarm
325,User 325,user325@mail.com,+380991110325,MotionSensor,Room 8,active,Notification message 325,info
326,User 326,user326@mail.com,+380991110326,DoorSensor,Room 48,active,Notification message 326,warning
327,User 327,user327@mail.com,+380991110327,DoorSensor,Room 7,active,Notification message 327,warning
328,User 328,user328@mail.com,+380991110328,SmokeSensor,Room 22,inactive,Notification message 328,warning
329,User 329,user329@mail.com,+380991110329,DoorSensor,Room 38,active,Notification message 329,info
330,User 330,user330@mail.com,+380991110330,SmokeSensor,Room 21,inactive,Notification message 330,alarm
331,User 331,user331@mail.com,+380991110331,SmokeSensor,Room 24,active,Notification message 331,alarm
332,User 332,user332@mail.com,+380991110332,SmokeSensor,Room 35,active,Notification message 332,alarm
333,User 333,user333@mail.com,+380991110333,SmokeSensor,Room 34,inactive,Notification message 333,alarm
334,User 334,user334@mail.com,+380991110334,MotionSensor,Room 8,active,Notification message 334,info
335,User 335,user335@mail.com,+380991110335,SmokeSensor,Room 3,active,Notification message 335,info
336,User 336,user336@mail.com,+380991110336,DoorSensor,Room 20,active,Notification message 336,info
337,User 337,user337@mail.com,+380991110337,MotionSensor,Room 5,active,Notification message 337,alarm
338,User 338,user338@mail.com,+380991110338,DoorSensor,Room 22,inactive,Notification message 338,alarm
339,User 339,user339@mail.com,+380991110339,SmokeSensor,Room 15,active,Notification message 339,info
340,User 340,user340@mail.com,+380991110340,DoorSensor,Room 11,active,Notification message 340,alarm
341,User 341,user341@mail.com,+380991110341,SmokeSensor,Room 47,inactive,Notification message 341,info
342,User 342,user342@mail.com,+380991110342,SmokeSensor,Room 31,active,Notification message 342,alarm
343,User 343,user343@mail.com,+380991110343,DoorSensor,Room 15,inactive,Notification message 343,alarm
344,User 344,user344@mail.com,+380991110344,SmokeSensor,Room 8,inactive,Notification message 344,info
345,User 345,user345@mail.com,+380991110345,MotionSensor,Room 15,active,Notification message 345,info
346,User 346,user346@mail.com,+380991110346,MotionSensor,Room 23,active,Notification message 346,warning
347,User 347,user347@mail.com,+380991110347,DoorSensor,Room 19,active,Notification message 347,warning
348,User 348,user348@mail.com,+380991110348,MotionSensor,Room 36,active,Notification message 348,alarm
349,User 349,user349@mail.com,+380991110349,SmokeSensor,Room 9,active,Notification message 349,info
350,User 350,user350@mail.com,+380991110350,DoorSensor,Room 45,inactive,Notification message 350,info
351,User 351,user351@mail.com,+380991110351,SmokeSensor,Room 38,active,Notification message 351,alarm
352,User 352,user352@mail.com,+380991110352,DoorSensor,Room 18,inactive,Notification message 352,warning
353,User 353,user353@mail.com,+380991110353,SmokeSensor,Room 19,active,Notification message 353,info
354,User 354,user354@mail.com,+380991110354,MotionSensor,Room 11,active,Notification message 354,warning
355,User 355,user355@mail.com,+380991110355,SmokeSensor,Room 14,inactive,Notification message 355,warning
356,User 356,user356@mail.com,+380991110356,SmokeSensor,Room 29,active,Notification message 356,warning
357,User 357,user357@mail.com,+380991110357,DoorSensor,Room 22,inactive,Notification message 357,warning
358,User 358,user358@mail.com,+380991110358,DoorSensor,Room 34,inactive,Notification message 358,info
359,User 359,user359@mail.com,+380991110359,MotionSensor,Room 21,active,Notification message 359,info
360,User 360,user360@mail.com,+380991110360,SmokeSensor,Room 50,active,Notification message 360,info
361,User 361,user361@mail.com,+380991110361,DoorSensor,Room 34,inactive,Notification message 361,info
362,User 362,user362@mail.com,+380991110362,SmokeSensor,Room 34,active,Notification message 362,alarm
363,User 363,user363@mail.com,+380991110363,SmokeSensor,Room 19,active,Notification message 363,alarm
364,User 364,user364@mail.com,+380991110364,DoorSensor,Room 25,active,Notification message 364,alarm
365,User 365,user365@mail.com,+380991110365,DoorSensor,Room 24,inactive,Notification message 365,alarm
366,User 366,user366@mail.com,+380991110366,MotionSensor,Room 36,active,Notification message 366,warning
367,User 367,user367@mail.com,+380991110367,DoorSensor,Room 19,inactive,Notification message 367,alarm
368,User 368,user368@mail.com,+380991110368,DoorSensor,Room 3,inactive,Notification message 368,warning
369,User 369,user369@mail.com,+380991110369,DoorSensor,Room 21,inactive,Notification message 369,alarm
370,User 370,user370@mail.com,+380991110370,MotionSensor,Room 38,active,Notification message 370,warning
371,User 371,user371@mail.com,+380991110371,DoorSensor,Room 19,inactive,Notification message 371,info
372,User 372,user372@mail.com,+380991110372,MotionSensor,Room 3,active,Notification message 372,warning
373,User 373,user373@mail.com,+380991110373,DoorSensor,Room 31,active,Notification message 373,warning
374,User 374,user374@mail.com,+380991110374,MotionSensor,Room 35,active,Notification message 374,info
375,User 375,user375@mail.com,+380991110375,SmokeSensor,Room 25,inactive,Notification message 375,info
376,User 376,user376@mail.com,+380991110376,MotionSensor,Room 48,inactive,Notification message 376,alarm
377,User 377,user377@mail.com,+380991110377,DoorSensor,Room 37,inactive,Notification message 377,alarm
378,User 378,user378@mail.com,+380991110378,MotionSensor,Room 31,inactive,Notification message 378,info
379,User 379,user379@mail.com,+380991110379,MotionSensor,Room 35,active,Notification message 379,alarm
380,User 380,user380@mail.com,+380991110380,MotionSensor,Room 50,inactive,Notification message 380,info
381,User 381,user381@mail.com,+380991110381,SmokeSensor,Room 42,active,Notification message 381,info
382,User 382,user382@mail.com,+380991110382,SmokeSensor,Room 1,inactive,Notification message 382,info
383,User 383,user383@mail.com,+380991110383,MotionSensor,Room 47,inactive,Notification message 383,alarm
384,User 384,user384@mail.com,+380991110384,MotionSensor,Room 41,active,Notification message 384,info
385,User 385,user385@mail.com,+380991110385,MotionSensor,Room 9,inactive,Notification message 385,alarm
386,User 386,user386@mail.com,+380991110386,DoorSensor,Room 39,active,Notification message 386,info
387,User 387,user387@mail.com,+380991110387,SmokeSensor,Room 30,inactive,Notification message 387,warning
388,User 388,user388@mail.com,+380991110388,DoorSensor,Room 22,active,Notification message 388,warning
389,User 389,user389@mail.com,+380991110389,SmokeSensor,Room 4,active,Notification message 389,alarm
390,User 390,user390@mail.com,+380991110390,SmokeSensor,Room 40,inactive,Notification message 390,alarm
391,User 391,user391@mail.com,+380991110391,DoorSensor,Room 25,inactive,Notification message 391,warning
392,User 392,user392@mail.com,+380991110392,SmokeSensor,Room 2,active,Notification message 392,warning
393,User 393,user393@mail.com,+380991110393,MotionSensor,Room 41,inactive,Notification message 393,alarm
394,User 394,user394@mail.com,+380991110394,MotionSensor,Room 29,inactive,Notification message 394,warning
395,User 395,user395@mail.com,+380991110395,MotionSensor,Room 6,active,Notification message 395,info
396,User 396,user396@mail.com,+380991110396,MotionSensor,Room 16,inactive,Notification message 396,info
397,User 397,user397@mail.com,+380991110397,MotionSensor,Room 13,active,Notification message 397,info
398,User 398,user398@mail.com,+380991110398,DoorSensor,Room 7,active,Notification message 398,alarm
399,User 399,user399@mail.com,+380991110399,MotionSensor,Room 34,active,Notification message 399,alarm
400,User 400,user400@mail.com,+380991110400,SmokeSensor,Room 32,active,Notification message 400,warning
401,User 401,user401@mail.com,+380991110401,SmokeSensor,Room 30,inactive,Notification message 401,warning
402,User 402,user402@mail.com,+380991110402,MotionSensor,Room 12,inactive,Notification message 402,alarm
403,User 403,user403@mail.com,+380991110403,MotionSensor,Room 18,active,Notification message 403,alarm
404,User 404,user404@mail.com,+380991110404,SmokeSensor,Room 9,inactive,Notification message 404,warning
405,User 405,user405@mail.com,+380991110405,MotionSensor,Room 42,inactive,Notification message 405,warning
406,User 406,user406@mail.com,+380991110406,MotionSensor,Room 43,inactive,Notification message 406,alarm
407,User 407,user407@mail.com,+380991110407,MotionSensor,Room 16,active,Notification message 407,warning
408,User 408,user408@mail.com,+380991110408,MotionSensor,Room 28,inactive,Notification message 408,info
409,User 409,user409@mail.com,+380991110409,SmokeSensor,Room 30,inactive,Notification message 409,warning
410,User 410,user410@mail.com,+380991110410,DoorSensor,Room 1,active,Notification message 410,alarm
411,User 411,user411@mail.com,+380991110411,DoorSensor,Room 50,inactive,Notification message 411,alarm
412,User 412,user412@mail.com,+380991110412,SmokeSensor,Room 8,inactive,Notification message 412,warning
413,User 413,user413@mail.com,+380991110413,MotionSensor,Room 33,active,Notification message 413,alarm
414,User 414,user414@mail.com,+380991110414,SmokeSensor,Room 22,inactive,Notification message 414,warning
415,User 415,user415@mail.com,+380991110415,MotionSensor,Room 17,inactive,Notification message 415,info
416,User 416,user416@mail.com,+380991110416,MotionSensor,Room 45,active,Notification message 416,alarm
417,User 417,user417@mail.com,+380991110417,SmokeSensor,Room 21,active,Notification message 417,info
418,User 418,user418@mail.com,+380991110418,DoorSensor,Room 22,inactive,Notification message 418,info
419,User 419,user419@mail.com,+380991110419,MotionSensor,Room 18,inactive,Notification message 419,warning
420,User 420,user420@mail.com,+380991110420,DoorSensor,Room 38,active,Notification message 420,warning
421,User 421,user421@mail.com,+380991110421,MotionSensor,Room 49,active,Notification message 421,alarm
422,User 422,user422@mail.com,+380991110422,MotionSensor,Room 6,active,Notification message 422,alarm
423,User 423,user423@mail.com,+380991110423,MotionSensor,Room 50,inactive,Notification message 423,alarm
424,User 424,user424@mail.com,+380991110424,DoorSensor,Room 23,inactive,Notification message 424,warning
425,User 425,user425@mail.com,+380991110425,SmokeSensor,Room 4,inactive,Notification message 425,alarm
426,User 426,user426@mail.com,+380991110426,DoorSensor,Room 30,inactive,Notification message 426,info
427,User 427,user427@mail.com,+380991110427,SmokeSensor,Room 1,active,Notification message 427,warning
428,User 428,user428@mail.com,+380991110428,DoorSensor,Room 18,inactive,Notification message 428,info
429,User 429,user429@mail.com,+380991110429,DoorSensor,Room 30,active,Notification message 429,alarm
430,User 430,user430@mail.com,+380991110430,MotionSensor,Room 20,inactive,Notification message 430,info
431,User 431,user431@mail.com,+380991110431,SmokeSensor,Room 49,active,Notification message 431,alarm
432,User 432,user432@mail.com,+380991110432,DoorSensor,Room 33,inactive,Notification message 432,alarm
433,User 433,user433@mail.com,+380991110433,SmokeSensor,Room 4,inactive,Notification message 433,warning
434,User 434,user434@mail.com,+380991110434,DoorSensor,Room 34,inactive,Notification message 434,warning
435,User 435,user435@mail.com,+380991110435,MotionSensor,Room 38,active,Notification message 435,info
436,User 436,user436@mail.com,+380991110436,MotionSensor,Room 1,inactive,Notification message 436,alarm
437,User 437,user437@mail.com,+380991110437,SmokeSensor,Room 30,active,Notification message 437,warning
438,User 438,user438@mail.com,+380991110438,MotionSensor,Room 26,active,Notification message 438,warning
439,User 439,user439@mail.com,+380991110439,MotionSensor,Room 22,active,Notification message 439,info
440,User 440,user440@mail.com,+380991110440,SmokeSensor,Room 34,active,Notification message 440,warning
441,User 441,user441@mail.com,+380991110441,SmokeSensor,Room 30,active,Notification message 441,alarm
442,User 442,user442@mail.com,+380991110442,DoorSensor,Room 26,active,Notification message 442,info
443,User 443,user443@mail.com,+380991110443,DoorSensor,Room 25,active,Notification message 443,warning
444,User 444,user444@mail.com,+380991110444,MotionSensor,Room 26,active,Notification message 444,warning
445,User 445,user445@mail.com,+380991110445,MotionSensor,Room 13,active,Notification message 445,info
446,User 446,user446@mail.com,+380991110446,DoorSensor,Room 47,active,Notification message 446,alarm
447,User 447,user447@mail.com,+380991110447,SmokeSensor,Room 48,active,Notification message 447,alarm
448,User 448,user448@mail.com,+380991110448,MotionSensor,Room 46,active,Notification message 448,info
449,User 449,user449@mail.com,+380991110449,SmokeSensor,Room 21,active,Notification message 449,warning
450,User 450,user450@mail.com,+380991110450,MotionSensor,Room 33,active,Notification message 450,info
451,User 451,user451@mail.com,+380991110451,SmokeSensor,Room 4,inactive,Notification message 451,alarm
452,User 452,user452@mail.com,+380991110452,MotionSensor,Room 50,inactive,Notification message 452,warning
453,User 453,user453@mail.com,+380991110453,DoorSensor,Room 43,inactive,Notification message 453,alarm
454,User 454,user454@mail.com,+380991110454,SmokeSensor,Room 26,inactive,Notification message 454,info
455,User 455,user455@mail.com,+380991110455,SmokeSensor,Room 20,inactive,Notification message 455,warning
456,User 456,user456@mail.com,+380991110456,MotionSensor,Room 28,inactive,Notification message 456,warning
457,User 457,user457@mail.com,+380991110457,DoorSensor,Room 27,inactive,Notification message 457,alarm
458,User 458,user458@mail.com,+380991110458,SmokeSensor,Room 34,active,Notification message 458,info
459,User 459,user459@mail.com,+380991110459,MotionSensor,Room 16,inactive,Notification message 459,info
460,User 460,user460@mail.com,+380991110460,SmokeSensor,Room 3,active,Notification message 460,warning
461,User 461,user461@mail.com,+380991110461,MotionSensor,Room 43,active,Notification message 461,warning
462,User 462,user462@mail.com,+380991110462,SmokeSensor,Room 46,inactive,Notification message 462,alarm
463,User 463,user463@mail.com,+380991110463,DoorSensor,Room 37,inactive,Notification message 463,alarm
464,User 464,user464@mail.com,+380991110464,MotionSensor,Room 4,inactive,Notification message 464,info
465,User 465,user465@mail.com,+380991110465,DoorSensor,Room 21,inactive,Notification message 465,info
466,User 466,user466@mail.com,+380991110466,MotionSensor,Room 27,inactive,Notification message 466,info
467,User 467,user467@mail.com,+380991110467,DoorSensor,Room 38,active,Notification message 467,warning
468,User 468,user468@mail.com,+380991110468,DoorSensor,Room 6,inactive,Notification message 468,alarm
469,User 469,user469@mail.com,+380991110469,SmokeSensor,Room 9,active,Notification message 469,info
470,User 470,user470@mail.com,+380991110470,SmokeSensor,Room 21,inactive,Notification message 470,warning
471,User 471,user471@mail.com,+380991110471,MotionSensor,Room 40,inactive,Notification message 471,warning
472,User 472,user472@mail.com,+380991110472,MotionSensor,Room 7,inactive,Notification message 472,warning
473,User 473,user473@mail.com,+380991110473,MotionSensor,Room 36,active,Notification message 473,info
474,User 474,user474@mail.com,+380991110474,SmokeSensor,Room 19,active,Notification message 474,warning
475,User 475,user475@mail.com,+380991110475,MotionSensor,Room 13,inactive,Notification message 475,alarm
476,User 476,user476@mail.com,+380991110476,DoorSensor,Room 11,active,Notification message 476,alarm
477,User 477,user477@mail.com,+380991110477,SmokeSensor,Room 29,active,Notification message 477,info
478,User 478,user478@mail.com,+380991110478,SmokeSensor,Room 40,active,Notification message 478,info
479,User 479,user479@mail.com,+380991110479,SmokeSensor,Room 20,active,Notification message 479,info
480,User 480,user480@mail.com,+380991110480,SmokeSensor,Room 34,active,Notification message 480,alarm
481,User 481,user481@mail.com,+380991110481,SmokeSensor,Room 9,active,Notification message 481,warning
482,User 482,user482@mail.com,+380991110482,MotionSensor,Room 23,inactive,Notification message 482,warning
483,User 483,user483@mail.com,+380991110483,SmokeSensor,Room 25,active,Notification message 483,alarm
484,User 484,user484@mail.com,+380991110484,MotionSensor,Room 29,inactive,Notification message 484,alarm
485,User 485,user485@mail.com,+380991110485,DoorSensor,Room 32,active,Notification message 485,warning
486,User 486,user486@mail.com,+380991110486,MotionSensor,Room 35,inactive,Notification message 486,alarm
487,User 487,user487@mail.com,+380991110487,MotionSensor,Room 4,inactive,Notification message 487,info
488,User 488,user488@mail.com,+380991110488,DoorSensor,Room 1,inactive,Notification message 488,warning
489,User 489,user489@mail.com,+380991110489,MotionSensor,Room 34,active,Notification message 489,alarm
490,User 490,user490@mail.com,+380991110490,MotionSensor,Room 49,active,Notification message 490,info
491,User 491,user491@mail.com,+380991110491,DoorSensor,Room 27,active,Notification message 491,alarm
492,User 492,user492@mail.com,+380991110492,SmokeSensor,Room 43,active,Notification message 492,warning
493,User 493,user493@mail.com,+380991110493,SmokeSensor,Room 36,active,Notification message 493,info
494,User 494,user494@mail.com,+380991110494,MotionSensor,Room 20,inactive,Notification message 494,alarm
495,User 495,user495@mail.com,+380991110495,MotionSensor,Room 5,active,Notification message 495,warning
496,User 496,user496@mail.com,+380991110496,DoorSensor,Room 20,active,Notification message 496,warning
497,User 497,user497@mail.com,+380991110497,DoorSensor,Room 14,active,Notification message 497,warning
498,User 498,user498@mail.com,+380991110498,MotionSensor,Room 17,active,Notification message 498,warning
499,User 499,user499@mail.com,+380991110499,MotionSensor,Room 22,inactive,Notification message 499,alarm
500,User 500,user500@mail.com,+380991110500,SmokeSensor,Room 6,active,Notification message 500,alarm
501,User 501,user501@mail.com,+380991110501,DoorSensor,Room 33,active,Notification message 501,warning
502,User 502,user502@mail.com,+380991110502,MotionSensor,Room 10,inactive,Notification message 502,warning
503,User 503,user503@mail.com,+380991110503,SmokeSensor,Room 41,inactive,Notification message 503,warning
504,User 504,user504@mail.com,+380991110504,DoorSensor,Room 31,inactive,Notification message 504,warning
505,User 505,user505@mail.com,+380991110505,DoorSensor,Room 42,inactive,Notification message 505,info
506,User 506,user506@mail.com,+380991110506,DoorSensor,Room 32,active,Notification message 506,info
507,User 507,user507@mail.com,+380991110507,DoorSensor,Room 21,active,Notification message 507,alarm
508,User 508,user508@mail.com,+380991110508,MotionSensor,Room 3,active,Notification message 508,alarm
509,User 509,user509@mail.com,+380991110509,DoorSensor,Room 43,active,Notification message 509,info
510,User 510,user510@mail.com,+380991110510,SmokeSensor,Room 30,inactive,Notification message 510,info
511,User 511,user511@mail.com,+380991110511,MotionSensor,Room 26,active,Notification message 511,info
512,User 512,user512@mail.com,+380991110512,SmokeSensor,Room 35,active,Notification message 512,info
513,User 513,user513@mail.com,+380991110513,MotionSensor,Room 34,active,Notification message 513,info
514,User 514,user514@mail.com,+380991110514,MotionSensor,Room 36,inactive,Notification message 514,alarm
515,User 515,user515@mail.com,+380991110515,SmokeSensor,Room 1,inactive,Notification message 515,alarm
516,User 516,user516@mail.com,+380991110516,SmokeSensor,Room 37,inactive,Notification message 516,info
517,User 517,user517@mail.com,+380991110517,SmokeSensor,Room 49,active,Notification message 517,warning
518,User 518,user518@mail.com,+380991110518,DoorSensor,Room 40,active,Notification message 518,alarm
519,User 519,user519@mail.com,+380991110519,MotionSensor,Room 22,inactive,Notification message 519,alarm
520,User 520,user520@mail.com,+380991110520,MotionSensor,Room 24,inactive,Notification message 520,alarm
521,User 521,user521@mail.com,+380991110521,DoorSensor,Room 37,inactive,Notification message 521,alarm
522,User 522,user522@mail.com,+380991110522,MotionSensor,Room 19,active,Notification message 522,info
523,User 523,user523@mail.com,+380991110523,MotionSensor,Room 36,active,Notification message 523,warning
524,User 524,user524@mail.com,+380991110524,MotionSensor,Room 21,inactive,Notification message 524,warning
525,User 525,user525@mail.com,+380991110525,SmokeSensor,Room 15,active,Notification message 525,warning
526,User 526,user526@mail.com,+380991110526,SmokeSensor,Room 1,active,Notification message 526,warning
527,User 527,user527@mail.com,+380991110527,SmokeSensor,Room 25,inactive,Notification message 527,info
528,User 528,user528@mail.com,+380991110528,DoorSensor,Room 46,active,Notification message 528,alarm
529,User 529,user529@mail.com,+380991110529,MotionSensor,Room 46,inactive,Notification message 529,info
530,User 530,user530@mail.com,+380991110530,DoorSensor,Room 11,active,Notification message 530,warning
531,User 531,user531@mail.com,+380991110531,DoorSensor,Room 16,active,Notification message 531,info
532,User 532,user532@mail.com,+380991110532,SmokeSensor,Room 49,active,Notification message 532,warning
533,User 533,user533@mail.com,+380991110533,MotionSensor,Room 17,inactive,Notification message 533,info
534,User 534,user534@mail.com,+380991110534,DoorSensor,Room 40,inactive,Notification message 534,warning
535,User 535,user535@mail.com,+380991110535,DoorSensor,Room 21,active,Notification message 535,warning
536,User 536,user536@mail.com,+380991110536,DoorSensor,Room 46,active,Notification message 536,warning
537,User 537,user537@mail.com,+380991110537,DoorSensor,Room 20,inactive,Notification message 537,alarm
538,User 538,user538@mail.com,+380991110538,MotionSensor,Room 33,active,Notification message 538,warning
539,User 539,user539@mail.com,+380991110539,SmokeSensor,Room 34,inactive,Notification message 539,info
540,User 540,user540@mail.com,+380991110540,DoorSensor,Room 16,active,Notification message 540,alarm
541,User 541,user541@mail.com,+380991110541,MotionSensor,Room 39,active,Notification message 541,warning
542,User 542,user542@mail.com,+380991110542,SmokeSensor,Room 10,active,Notification message 542,warning
543,User 543,user543@mail.com,+380991110543,DoorSensor,Room 3,inactive,Notification message 543,alarm
544,User 544,user544@mail.com,+380991110544,MotionSensor,Room 49,inactive,Notification message 544,info
545,User 545,user545@mail.com,+380991110545,MotionSensor,Room 28,inactive,Notification message 545,warning
546,User 546,user546@mail.com,+380991110546,SmokeSensor,Room 11,active,Notification message 546,warning
547,User 547,user547@mail.com,+380991110547,MotionSensor,Room 48,active,Notification message 547,alarm
548,User 548,user548@mail.com,+380991110548,MotionSensor,Room 47,inactive,Notification message 548,warning
549,User 549,user549@mail.com,+380991110549,DoorSensor,Room 10,active,Notification message 549,warning
550,User 550,user550@mail.com,+380991110550,DoorSensor,Room 42,active,Notification message 550,alarm
551,User 551,user551@mail.com,+380991110551,SmokeSensor,Room 1,active,Notification message 551,alarm
552,User 552,user552@mail.com,+380991110552,SmokeSensor,Room 34,active,Notification message 552,warning
553,User 553,user553@mail.com,+380991110553,DoorSensor,Room 38,inactive,Notification message 553,info
554,User 554,user554@mail.com,+380991110554,SmokeSensor,Room 31,active,Notification message 554,info
555,User 555,user555@mail.com,+380991110555,DoorSensor,Room 5,active,Notification message 555,alarm
556,User 556,user556@mail.com,+380991110556,DoorSensor,Room 40,active,Notification message 556,alarm
557,User 557,user557@mail.com,+380991110557,DoorSensor,Room 47,active,Notification message 557,alarm
558,User 558,user558@mail.com,+380991110558,MotionSensor,Room 5,inactive,Notification message 558,warning
559,User 559,user559@mail.com,+380991110559,SmokeSensor,Room 25,inactive,Notification message 559,alarm
560,User 560,user560@mail.com,+380991110560,MotionSensor,Room 32,active,Notification message 560,info
561,User 561,user561@mail.com,+380991110561,MotionSensor,Room 36,active,Notification message 561,warning
562,User 562,user562@mail.com,+380991110562,DoorSensor,Room 28,inactive,Notification message 562,warning
563,User 563,user563@mail.com,+380991110563,DoorSensor,Room 32,active,Notification message 563,alarm
564,User 564,user564@mail.com,+380991110564,MotionSensor,Room 39,active,Notification message 564,alarm
565,User 565,user565@mail.com,+380991110565,MotionSensor,Room 35,inactive,Notification message 565,warning
566,User 566,user566@mail.com,+380991110566,DoorSensor,Room 26,inactive,Notification message 566,alarm
567,User 567,user567@mail.com,+380991110567,SmokeSensor,Room 18,active,Notification message 567,info
568,User 568,user568@mail.com,+380991110568,MotionSensor,Room 5,active,Notification message 568,warning
569,User 569,user569@mail.com,+380991110569,DoorSensor,Room 20,active,Notification message 569,warning
570,User 570,user570@mail.com,+380991110570,MotionSensor,Room 19,inactive,Notification message 570,info
571,User 571,user571@mail.com,+380991110571,DoorSensor,Room 49,inactive,Notification message 571,alarm
572,User 572,user572@mail.com,+380991110572,MotionSensor,Room 29,active,Notification message 572,info
573,User 573,user573@mail.com,+380991110573,SmokeSensor,Room 49,inactive,Notification message 573,info
574,User 574,user574@mail.com,+380991110574,DoorSensor,Room 7,inactive,Notification message 574,info
575,User 575,user575@mail.com,+380991110575,SmokeSensor,Room 47,inactive,Notification message 575,alarm
576,User 576,user576@mail.com,+380991110576,DoorSensor,Room 4,inactive,Notification message 576,alarm
577,User 577,user577@mail.com,+380991110577,SmokeSensor,Room 37,active,Notification message 577,info
578,User 578,user578@mail.com,+380991110578,DoorSensor,Room 36,inactive,Notification message 578,info
579,User 579,user579@mail.com,+380991110579,MotionSensor,Room 18,active,Notification message 579,alarm
580,User 580,user580@mail.com,+380991110580,SmokeSensor,Room 27,inactive,Notification message 580,warning
581,User 581,user581@mail.com,+380991110581,SmokeSensor,Room 4,active,Notification message 581,alarm
582,User 582,user582@mail.com,+380991110582,SmokeSensor,Room 6,inactive,Notification message 582,info
583,User 583,user583@mail.com,+380991110583,MotionSensor,Room 38,inactive,Notification message 583,info
584,User 584,user584@mail.com,+380991110584,MotionSensor,Room 4,inactive,Notification message 584,warning
585,User 585,user585@mail.com,+380991110585,DoorSensor,Room 4,active,Notification message 585,alarm
586,User 586,user586@mail.com,+380991110586,SmokeSensor,Room 26,inactive,Notification message 586,info
587,User 587,user587@mail.com,+380991110587,SmokeSensor,Room 2,inactive,Notification message 587,alarm
588,User 588,user588@mail.com,+380991110588,MotionSensor,Room 30,inactive,Notification message 588,info
589,User 589,user589@mail.com,+380991110589,DoorSensor,Room 38,inactive,Notification message 589,warning
590,User 590,user590@mail.com,+380991110590,SmokeSensor,Room 4,inactive,Notification message 590,info
591,User 591,user591@mail.com,+380991110591,SmokeSensor,Room 42,active,Notification message 591,warning
592,User 592,user592@mail.com,+380991110592,MotionSensor,Room 30,inactive,Notification message 592,warning
593,User 593,user593@mail.com,+380991110593,SmokeSensor,Room 19,active,Notification message 593,warning
594,User 594,user594@mail.com,+380991110594,SmokeSensor,Room 17,active,Notification message 594,info
595,User 595,user595@mail.com,+380991110595,MotionSensor,Room 40,active,Notification message 595,alarm
596,User 596,user596@mail.com,+380991110596,DoorSensor,Room 22,inactive,Notification message 596,alarm
597,User 597,user597@mail.com,+380991110597,SmokeSensor,Room 41,active,Notification message 597,warning
598,User 598,user598@mail.com,+380991110598,DoorSensor,Room 2,inactive,Notification message 598,info
599,User 599,user599@mail.com,+380991110599,DoorSensor,Room 41,inactive,Notification message 599,info
600,User 600,user600@mail.com,+380991110600,SmokeSensor,Room 5,active,Notification message 600,warning
601,User 601,user601@mail.com,+380991110601,SmokeSensor,Room 34,inactive,Notification message 601,info
602,User 602,user602@mail.com,+380991110602,MotionSensor,Room 6,active,Notification message 602,warning
603,User 603,user603@mail.com,+380991110603,DoorSensor,Room 14,active,Notification message 603,warning
604,User 604,user604@mail.com,+380991110604,DoorSensor,Room 24,active,Notification message 604,alarm
605,User 605,user605@mail.com,+380991110605,SmokeSensor,Room 24,active,Notification message 605,alarm
606,User 606,user606@mail.com,+380991110606,DoorSensor,Room 32,inactive,Notification message 606,info
607,User 607,user607@mail.com,+380991110607,SmokeSensor,Room 2,active,Notification message 607,info
608,User 608,user608@mail.com,+380991110608,MotionSensor,Room 41,active,Notification message 608,info
609,User 609,user609@mail.com,+380991110609,MotionSensor,Room 6,inactive,Notification message 609,warning
610,User 610,user610@mail.com,+380991110610,DoorSensor,Room 18,active,Notification message 610,info
611,User 611,user611@mail.com,+380991110611,MotionSensor,Room 4,active,Notification message 611,alarm
612,User 612,user612@mail.com,+380991110612,SmokeSensor,Room 15,active,Notification message 612,alarm
613,User 613,user613@mail.com,+380991110613,DoorSensor,Room 34,active,Notification message 613,warning
614,User 614,user614@mail.com,+380991110614,DoorSensor,Room 33,inactive,Notification message 614,info
615,User 615,user615@mail.com,+380991110615,DoorSensor,Room 6,active,Notification message 615,warning
616,User 616,user616@mail.com,+380991110616,DoorSensor,Room 33,active,Notification message 616,alarm
617,User 617,user617@mail.com,+380991110617,SmokeSensor,Room 16,active,Notification message 617,alarm
618,User 618,user618@mail.com,+380991110618,DoorSensor,Room 37,inactive,Notification message 618,info
619,User 619,user619@mail.com,+380991110619,SmokeSensor,Room 7,inactive,Notification message 619,warning
620,User 620,user620@mail.com,+380991110620,DoorSensor,Room 35,active,Notification message 620,warning
621,User 621,user621@mail.com,+380991110621,DoorSensor,Room 12,active,Notification message 621,info
622,User 622,user622@mail.com,+380991110622,SmokeSensor,Room 2,inactive,Notification message 622,info
623,User 623,user623@mail.com,+380991110623,DoorSensor,Room 48,inactive,Notification message 623,alarm
624,User 624,user624@mail.com,+380991110624,DoorSensor,Room 28,inactive,Notification message 624,info
625,User 625,user625@mail.com,+380991110625,SmokeSensor,Room 23,inactive,Notification message 625,alarm
626,User 626,user626@mail.com,+380991110626,MotionSensor,Room 16,active,Notification message 626,warning
627,User 627,user627@mail.com,+380991110627,DoorSensor,Room 31,inactive,Notification message 627,warning
628,User 628,user628@mail.com,+380991110628,DoorSensor,Room 11,inactive,Notification message 628,info
629,User 629,user629@mail.com,+380991110629,MotionSensor,Room 25,active,Notification message 629,alarm
630,User 630,user630@mail.com,+380991110630,SmokeSensor,Room 8,active,Notification message 630,alarm
631,User 631,user631@mail.com,+380991110631,MotionSensor,Room 43,inactive,Notification message 631,info
632,User 632,user632@mail.com,+380991110632,MotionSensor,Room 20,active,Notification message 632,warning
633,User 633,user633@mail.com,+380991110633,DoorSensor,Room 44,active,Notification message 633,info
634,User 634,user634@mail.com,+380991110634,SmokeSensor,Room 33,active,Notification message 634,alarm
635,User 635,user635@mail.com,+380991110635,DoorSensor,Room 22,inactive,Notification message 635,info
636,User 636,user636@mail.com,+380991110636,MotionSensor,Room 5,inactive,Notification message 636,warning
637,User 637,user637@mail.com,+380991110637,SmokeSensor,Room 14,active,Notification message 637,warning
638,User 638,user638@mail.com,+380991110638,SmokeSensor,Room 38,active,Notification message 638,info
639,User 639,user639@mail.com,+380991110639,SmokeSensor,Room 43,inactive,Notification message 639,alarm
640,User 640,user640@mail.com,+380991110640,DoorSensor,Room 18,inactive,Notification message 640,alarm
641,User 641,user641@mail.com,+380991110641,DoorSensor,Room 33,inactive,Notification message 641,alarm
642,User 642,user642@mail.com,+380991110642,MotionSensor,Room 3,active,Notification message 642,warning
643,User 643,user643@mail.com,+380991110643,MotionSensor,Room 17,inactive,Notification message 643,info
644,User 644,user644@mail.com,+380991110644,DoorSensor,Room 44,active,Notification message 644,info
645,User 645,user645@mail.com,+380991110645,MotionSensor,Room 12,active,Notification message 645,alarm
646,User 646,user646@mail.com,+380991110646,SmokeSensor,Room 45,active,Notification message 646,warning
647,User 647,user647@mail.com,+380991110647,DoorSensor,Room 22,inactive,Notification message 647,info
648,User 648,user648@mail.com,+380991110648,MotionSensor,Room 24,inactive,Notification message 648,alarm
649,User 649,user649@mail.com,+380991110649,MotionSensor,Room 19,inactive,Notification message 649,info
650,User 650,user650@mail.com,+380991110650,SmokeSensor,Room 31,active,Notification message 650,alarm
651,User 651,user651@mail.com,+380991110651,SmokeSensor,Room 44,inactive,Notification message 651,alarm
652,User 652,user652@mail.com,+380991110652,DoorSensor,Room 24,active,Notification message 652,info
653,User 653,user653@mail.com,+380991110653,SmokeSensor,Room 16,active,Notification message 653,warning
654,User 654,user654@mail.com,+380991110654,DoorSensor,Room 26,active,Notification message 654,info
655,User 655,user655@mail.com,+380991110655,SmokeSensor,Room 46,active,Notification message 655,alarm
656,User 656,user656@mail.com,+380991110656,DoorSensor,Room 27,inactive,Notification message 656,alarm
657,User 657,user657@mail.com,+380991110657,MotionSensor,Room 46,active,Notification message 657,warning
658,User 658,user658@mail.com,+380991110658,SmokeSensor,Room 10,inactive,Notification message 658,info
659,User 659,user659@mail.com,+380991110659,MotionSensor,Room 5,inactive,Notification message 659,alarm
660,User 660,user660@mail.com,+380991110660,MotionSensor,Room 42,active,Notification message 660,info
661,User 661,user661@mail.com,+380991110661,DoorSensor,Room 13,inactive,Notification message 661,info
662,User 662,user662@mail.com,+380991110662,MotionSensor,Room 41,active,Notification message 662,warning
663,User 663,user663@mail.com,+380991110663,MotionSensor,Room 30,inactive,Notification message 663,warning
664,User 664,user664@mail.com,+380991110664,SmokeSensor,Room 15,active,Notification message 664,warning
665,User 665,user665@mail.com,+380991110665,MotionSensor,Room 46,active,Notification message 665,alarm
666,User 666,user666@mail.com,+380991110666,DoorSensor,Room 11,inactive,Notification message 666,alarm
667,User 667,user667@mail.com,+380991110667,SmokeSensor,Room 19,active,Notification message 667,info
668,User 668,user668@mail.com,+380991110668,SmokeSensor,Room 46,inactive,Notification message 668,warning
669,User 669,user669@mail.com,+380991110669,MotionSensor,Room 17,inactive,Notification message 669,info
670,User 670,user670@mail.com,+380991110670,SmokeSensor,Room 28,active,Notification message 670,info
671,User 671,user671@mail.com,+380991110671,SmokeSensor,Room 3,active,Notification message 671,info
672,User 672,user672@mail.com,+380991110672,SmokeSensor,Room 29,active,Notification message 672,info
673,User 673,user673@mail.com,+380991110673,SmokeSensor,Room 20,inactive,Notification message 673,alarm
674,User 674,user674@mail.com,+380991110674,DoorSensor,Room 9,inactive,Notification message 674,warning
675,User 675,user675@mail.com,+380991110675,SmokeSensor,Room 28,active,Notification message 675,info
676,User 676,user676@mail.com,+380991110676,MotionSensor,Room 38,inactive,Notification message 676,warning
677,User 677,user677@mail.com,+380991110677,MotionSensor,Room 37,active,Notification message 677,warning
678,User 678,user678@mail.com,+380991110678,MotionSensor,Room 7,active,Notification message 678,info
679,User 679,user679@mail.com,+380991110679,MotionSensor,Room 29,active,Notification message 679,warning
680,User 680,user680@mail.com,+380991110680,SmokeSensor,Room 35,inactive,Notification message 680,alarm
681,User 681,user681@mail.com,+380991110681,DoorSensor,Room 37,inactive,Notification message 681,warning
682,User 682,user682@mail.com,+380991110682,SmokeSensor,Room 35,active,Notification message 682,alarm
683,User 683,user683@mail.com,+380991110683,MotionSensor,Room 39,inactive,Notification message 683,warning
684,User 684,user684@mail.com,+380991110684,SmokeSensor,Room 36,inactive,Notification message 684,info
685,User 685,user685@mail.com,+380991110685,SmokeSensor,Room 45,inactive,Notification message 685,info
686,User 686,user686@mail.com,+380991110686,DoorSensor,Room 17,inactive,Notification message 686,info
687,User 687,user687@mail.com,+380991110687,MotionSensor,Room 12,active,Notification message 687,warning
688,User 688,user688@mail.com,+380991110688,MotionSensor,Room 7,inactive,Notification message 688,info
689,User 689,user689@mail.com,+380991110689,MotionSensor,Room 21,active,Notification message 689,info
690,User 690,user690@mail.com,+380991110690,DoorSensor,Room 5,inactive,Notification message 690,warning
691,User 691,user691@mail.com,+380991110691,SmokeSensor,Room 50,inactive,Notification message 691,warning
692,User 692,user692@mail.com,+380991110692,MotionSensor,Room 19,inactive,Notification message 692,alarm
693,User 693,user693@mail.com,+380991110693,DoorSensor,Room 45,inactive,Notification message 693,alarm
694,User 694,user694@mail.com,+380991110694,MotionSensor,Room 39,inactive,Notification message 694,alarm
695,User 695,user695@mail.com,+380991110695,DoorSensor,Room 30,active,Notification message 695,warning
696,User 696,user696@mail.com,+380991110696,MotionSensor,Room 5,inactive,Notification message 696,warning
697,User 697,user697@mail.com,+380991110697,DoorSensor,Room 18,active,Notification message 697,info
698,User 698,user698@mail.com,+380991110698,MotionSensor,Room 36,inactive,Notification message 698,alarm
699,User 699,user699@mail.com,+380991110699,DoorSensor,Room 3,inactive,Notification message 699,alarm
700,User 700,user700@mail.com,+380991110700,MotionSensor,Room 4,active,Notification message 700,warning
701,User 701,user701@mail.com,+380991110701,SmokeSensor,Room 30,inactive,Notification message 701,alarm
702,User 702,user702@mail.com,+380991110702,MotionSensor,Room 22,inactive,Notification message 702,info
703,User 703,user703@mail.com,+380991110703,MotionSensor,Room 5,active,Notification message 703,alarm
704,User 704,user704@mail.com,+380991110704,MotionSensor,Room 10,active,Notification message 704,alarm
705,User 705,user705@mail.com,+380991110705,DoorSensor,Room 19,inactive,Notification message 705,alarm
706,User 706,user706@mail.com,+380991110706,DoorSensor,Room 33,inactive,Notification message 706,info
707,User 707,user707@mail.com,+380991110707,MotionSensor,Room 16,active,Notification message 707,info
708,User 708,user708@mail.com,+380991110708,MotionSensor,Room 49,inactive,Notification message 708,warning
709,User 709,user709@mail.com,+380991110709,DoorSensor,Room 16,active,Notification message 709,alarm
710,User 710,user710@mail.com,+380991110710,SmokeSensor,Room 2,inactive,Notification message 710,info
711,User 711,user711@mail.com,+380991110711,DoorSensor,Room 41,active,Notification message 711,alarm
712,User 712,user712@mail.com,+380991110712,MotionSensor,Room 46,inactive,Notification message 712,warning
713,User 713,user713@mail.com,+380991110713,DoorSensor,Room 20,active,Notification message 713,warning
714,User 714,user714@mail.com,+380991110714,SmokeSensor,Room 13,active,Notification message 714,info
715,User 715,user715@mail.com,+380991110715,MotionSensor,Room 32,inactive,Notification message 715,alarm
716,User 716,user716@mail.com,+380991110716,SmokeSensor,Room 21,active,Notification message 716,info
717,User 717,user717@mail.com,+380991110717,SmokeSensor,Room 35,inactive,Notification message 717,info
718,User 718,user718@mail.com,+380991110718,SmokeSensor,Room 47,active,Notification message 718,warning
719,User 719,user719@mail.com,+380991110719,MotionSensor,Room 25,active,Notification message 719,alarm
720,User 720,user720@mail.com,+380991110720,SmokeSensor,Room 30,inactive,Notification message 720,warning
721,User 721,user721@mail.com,+380991110721,MotionSensor,Room 10,active,Notification message 721,warning
722,User 722,user722@mail.com,+380991110722,MotionSensor,Room 49,active,Notification message 722,warning
723,User 723,user723@mail.com,+380991110723,DoorSensor,Room 46,inactive,Notification message 723,info
724,User 724,user724@mail.com,+380991110724,MotionSensor,Room 20,inactive,Notification message 724,alarm
725,User 725,user725@mail.com,+380991110725,DoorSensor,Room 19,active,Notification message 725,warning
726,User 726,user726@mail.com,+380991110726,SmokeSensor,Room 34,inactive,Notification message 726,info
727,User 727,user727@mail.com,+380991110727,DoorSensor,Room 42,active,Notification message 727,warning
728,User 728,user728@mail.com,+380991110728,SmokeSensor,Room 49,inactive,Notification message 728,warning
729,User 729,user729@mail.com,+380991110729,DoorSensor,Room 41,inactive,Notification message 729,alarm
730,User 730,user730@mail.com,+380991110730,SmokeSensor,Room 5,inactive,Notification message 730,info
731,User 731,user731@mail.com,+380991110731,SmokeSensor,Room 16,inactive,Notification message 731,warning
732,User 732,user732@mail.com,+380991110732,DoorSensor,Room 43,inactive,Notification message 732,info
733,User 733,user733@mail.com,+380991110733,MotionSensor,Room 44,inactive,Notification message 733,warning
734,User 734,user734@mail.com,+380991110734,MotionSensor,Room 4,inactive,Notification message 734,alarm
735,User 735,user735@mail.com,+380991110735,SmokeSensor,Room 42,active,Notification message 735,alarm
736,User 736,user736@mail.com,+380991110736,SmokeSensor,Room 18,inactive,Notification message 736,alarm
737,User 737,user737@mail.com,+380991110737,MotionSensor,Room 34,active,Notification message 737,warning
738,User 738,user738@mail.com,+380991110738,DoorSensor,Room 34,inactive,Notification message 738,alarm
739,User 739,user739@mail.com,+380991110739,MotionSensor,Room 42,active,Notification message 739,warning
740,User 740,user740@mail.com,+380991110740,DoorSensor,Room 44,active,Notification message 740,warning
741,User 741,user741@mail.com,+380991110741,DoorSensor,Room 33,inactive,Notification message 741,info
742,User 742,user742@mail.com,+380991110742,SmokeSensor,Room 6,active,Notification message 742,warning
743,User 743,user743@mail.com,+380991110743,DoorSensor,Room 42,inactive,Notification message 743,alarm
744,User 744,user744@mail.com,+380991110744,MotionSensor,Room 4,active,Notification message 744,alarm
745,User 745,user745@mail.com,+380991110745,MotionSensor,Room 3,inactive,Notification message 745,warning
746,User 746,user746@mail.com,+380991110746,MotionSensor,Room 12,inactive,Notification message 746,info
747,User 747,user747@mail.com,+380991110747,SmokeSensor,Room 17,active,Notification message 747,alarm
748,User 748,user748@mail.com,+380991110748,DoorSensor,Room 18,active,Notification message 748,alarm
749,User 749,user749@mail.com,+380991110749,SmokeSensor,Room 17,inactive,Notification message 749,warning
750,User 750,user750@mail.com,+380991110750,MotionSensor,Room 41,active,Notification message 750,info
751,User 751,user751@mail.com,+380991110751,SmokeSensor,Room 32,inactive,Notification message 751,warning
752,User 752,user752@mail.com,+380991110752,MotionSensor,Room 28,active,Notification message 752,info
753,User 753,user753@mail.com,+380991110753,MotionSensor,Room 19,inactive,Notification message 753,warning
754,User 754,user754@mail.com,+380991110754,SmokeSensor,Room 26,active,Notification message 754,info
755,User 755,user755@mail.com,+380991110755,SmokeSensor,Room 24,active,Notification message 755,info
756,User 756,user756@mail.com,+380991110756,SmokeSensor,Room 14,inactive,Notification message 756,alarm
757,User 757,user757@mail.com,+380991110757,MotionSensor,Room 31,inactive,Notification message 757,alarm
758,User 758,user758@mail.com,+380991110758,MotionSensor,Room 43,inactive,Notification message 758,alarm
759,User 759,user759@mail.com,+380991110759,SmokeSensor,Room 34,inactive,Notification message 759,alarm
760,User 760,user760@mail.com,+380991110760,SmokeSensor,Room 29,active,Notification message 760,alarm
761,User 761,user761@mail.com,+380991110761,MotionSensor,Room 3,inactive,Notification message 761,info
762,User 762,user762@mail.com,+380991110762,MotionSensor,Room 50,inactive,Notification message 762,warning
763,User 763,user763@mail.com,+380991110763,SmokeSensor,Room 1,inactive,Notification message 763,info
764,User 764,user764@mail.com,+380991110764,SmokeSensor,Room 37,active,Notification message 764,warning
765,User 765,user765@mail.com,+380991110765,DoorSensor,Room 48,active,Notification message 765,alarm
766,User 766,user766@mail.com,+380991110766,SmokeSensor,Room 1,active,Notification message 766,alarm
767,User 767,user767@mail.com,+380991110767,MotionSensor,Room 40,active,Notification message 767,info
768,User 768,user768@mail.com,+380991110768,MotionSensor,Room 27,active,Notification message 768,warning
769,User 769,user769@mail.com,+380991110769,SmokeSensor,Room 3,active,Notification message 769,alarm
770,User 770,user770@mail.com,+380991110770,DoorSensor,Room 5,active,Notification message 770,warning
771,User 771,user771@mail.com,+380991110771,DoorSensor,Room 11,inactive,Notification message 771,info
772,User 772,user772@mail.com,+380991110772,MotionSensor,Room 16,active,Notification message 772,alarm
773,User 773,user773@mail.com,+380991110773,DoorSensor,Room 43,inactive,Notification message 773,alarm
774,User 774,user774@mail.com,+380991110774,SmokeSensor,Room 49,active,Notification message 774,alarm
775,User 775,user775@mail.com,+380991110775,MotionSensor,Room 45,active,Notification message 775,warning
776,User 776,user776@mail.com,+380991110776,SmokeSensor,Room 14,active,Notification message 776,alarm
777,User 777,user777@mail.com,+380991110777,SmokeSensor,Room 39,inactive,Notification message 777,alarm
778,User 778,user778@mail.com,+380991110778,SmokeSensor,Room 30,inactive,Notification message 778,info
779,User 779,user779@mail.com,+380991110779,SmokeSensor,Room 30,active,Notification message 779,warning
780,User 780,user780@mail.com,+380991110780,DoorSensor,Room 44,active,Notification message 780,warning
781,User 781,user781@mail.com,+380991110781,DoorSensor,Room 36,active,Notification message 781,alarm
782,User 782,user782@mail.com,+380991110782,SmokeSensor,Room 22,inactive,Notification message 782,warning
783,User 783,user783@mail.com,+380991110783,SmokeSensor,Room 50,inactive,Notification message 783,alarm
784,User 784,user784@mail.com,+380991110784,SmokeSensor,Room 25,active,Notification message 784,alarm
785,User 785,user785@mail.com,+380991110785,MotionSensor,Room 22,inactive,Notification message 785,warning
786,User 786,user786@mail.com,+380991110786,MotionSensor,Room 19,inactive,Notification message 786,info
787,User 787,user787@mail.com,+380991110787,SmokeSensor,Room 21,inactive,Notification message 787,alarm
788,User 788,user788@mail.com,+380991110788,DoorSensor,Room 14,active,Notification message 788,info
789,User 789,user789@mail.com,+380991110789,MotionSensor,Room 33,inactive,Notification message 789,info
790,User 790,user790@mail.com,+380991110790,SmokeSensor,Room 12,inactive,Notification message 790,info
791,User 791,user791@mail.com,+380991110791,DoorSensor,Room 48,active,Notification message 791,info
792,User 792,user792@mail.com,+380991110792,DoorSensor,Room 10,inactive,Notification message 792,warning
793,User 793,user793@mail.com,+380991110793,DoorSensor,Room 12,inactive,Notification message 793,info
794,User 794,user794@mail.com,+380991110794,MotionSensor,Room 11,active,Notification message 794,info
795,User 795,user795@mail.com,+380991110795,SmokeSensor,Room 45,inactive,Notification message 795,alarm
796,User 796,user796@mail.com,+380991110796,SmokeSensor,Room 8,active,Notification message 796,info
797,User 797,user797@mail.com,+380991110797,SmokeSensor,Room 47,active,Notification message 797,info
798,User 798,user798@mail.com,+380991110798,DoorSensor,Room 39,inactive,Notification message 798,info
799,User 799,user799@mail.com,+380991110799,SmokeSensor,Room 8,inactive,Notification message 799,alarm
800,User 800,user800@mail.com,+380991110800,DoorSensor,Room 2,inactive,Notification message 800,alarm
801,User 801,user801@mail.com,+380991110801,MotionSensor,Room 50,inactive,Notification message 801,info
802,User 802,user802@mail.com,+380991110802,DoorSensor,Room 19,inactive,Notification message 802,warning
803,User 803,user803@mail.com,+380991110803,SmokeSensor,Room 33,active,Notification message 803,warning
804,User 804,user804@mail.com,+380991110804,DoorSensor,Room 29,inactive,Notification message 804,alarm
805,User 805,user805@mail.com,+380991110805,MotionSensor,Room 24,inactive,Notification message 805,info
806,User 806,user806@mail.com,+380991110806,SmokeSensor,Room 38,inactive,Notification message 806,warning
807,User 807,user807@mail.com,+380991110807,SmokeSensor,Room 48,active,Notification message 807,info
808,User 808,user808@mail.com,+380991110808,SmokeSensor,Room 27,inactive,Notification message 808,info
809,User 809,user809@mail.com,+380991110809,MotionSensor,Room 19,active,Notification message 809,warning
810,User 810,user810@mail.com,+380991110810,DoorSensor,Room 43,inactive,Notification message 810,warning
811,User 811,user811@mail.com,+380991110811,MotionSensor,Room 42,active,Notification message 811,alarm
812,User 812,user812@mail.com,+380991110812,SmokeSensor,Room 31,active,Notification message 812,info
813,User 813,user813@mail.com,+380991110813,SmokeSensor,Room 39,inactive,Notification message 813,alarm
814,User 814,user814@mail.com,+380991110814,SmokeSensor,Room 50,active,Notification message 814,alarm
815,User 815,user815@mail.com,+380991110815,MotionSensor,Room 1,inactive,Notification message 815,warning
816,User 816,user816@mail.com,+380991110816,DoorSensor,Room 40,active,Notification message 816,info
817,User 817,user817@mail.com,+380991110817,SmokeSensor,Room 33,inactive,Notification message 817,warning
818,User 818,user818@mail.com,+380991110818,SmokeSensor,Room 36,active,Notification message 818,alarm
819,User 819,user819@mail.com,+380991110819,SmokeSensor,Room 17,active,Notification message 819,alarm
820,User 820,user820@mail.com,+380991110820,MotionSensor,Room 48,active,Notification message 820,info
821,User 821,user821@mail.com,+380991110821,SmokeSensor,Room 15,inactive,Notification message 821,alarm
822,User 822,user822@mail.com,+380991110822,DoorSensor,Room 42,active,Notification message 822,info
823,User 823,user823@mail.com,+380991110823,DoorSensor,Room 45,inactive,Notification message 823,info
824,User 824,user824@mail.com,+380991110824,DoorSensor,Room 32,active,Notification message 824,info
825,User 825,user825@mail.com,+380991110825,MotionSensor,Room 41,inactive,Notification message 825,warning
826,User 826,user826@mail.com,+380991110826,SmokeSensor,Room 35,active,Notification message 826,warning
827,User 827,user827@mail.com,+380991110827,MotionSensor,Room 34,active,Notification message 827,info
828,User 828,user828@mail.com,+380991110828,MotionSensor,Room 7,inactive,Notification message 828,warning
829,User 829,user829@mail.com,+380991110829,DoorSensor,Room 45,inactive,Notification message 829,alarm
830,User 830,user830@mail.com,+380991110830,DoorSensor,Room 3,active,Notification message 830,warning
831,User 831,user831@mail.com,+380991110831,MotionSensor,Room 3,active,Notification message 831,info
832,User 832,user832@mail.com,+380991110832,DoorSensor,Room 50,active,Notification message 832,warning
833,User 833,user833@mail.com,+380991110833,SmokeSensor,Room 49,active,Notification message 833,alarm
834,User 834,user834@mail.com,+380991110834,SmokeSensor,Room 25,inactive,Notification message 834,warning
835,User 835,user835@mail.com,+380991110835,MotionSensor,Room 11,inactive,Notification message 835,info
836,User 836,user836@mail.com,+380991110836,MotionSensor,Room 41,active,Notification message 836,alarm
837,User 837,user837@mail.com,+380991110837,SmokeSensor,Room 17,active,Notification message 837,warning
838,User 838,user838@mail.com,+380991110838,DoorSensor,Room 5,active,Notification message 838,warning
839,User 839,user839@mail.com,+380991110839,SmokeSensor,Room 23,inactive,Notification message 839,info
840,User 840,user840@mail.com,+380991110840,MotionSensor,Room 5,active,Notification message 840,info
841,User 841,user841@mail.com,+380991110841,DoorSensor,Room 27,active,Notification message 841,warning
842,User 842,user842@mail.com,+380991110842,DoorSensor,Room 47,inactive,Notification message 842,warning
843,User 843,user843@mail.com,+380991110843,MotionSensor,Room 32,active,Notification message 843,warning
844,User 844,user844@mail.com,+380991110844,MotionSensor,Room 39,inactive,Notification message 844,warning
845,User 845,user845@mail.com,+380991110845,DoorSensor,Room 48,active,Notification message 845,warning
846,User 846,user846@mail.com,+380991110846,SmokeSensor,Room 46,active,Notification message 846,info
847,User 847,user847@mail.com,+380991110847,MotionSensor,Room 18,active,Notification message 847,warning
848,User 848,user848@mail.com,+380991110848,MotionSensor,Room 11,inactive,Notification message 848,warning
849,User 849,user849@mail.com,+380991110849,MotionSensor,Room 6,active,Notification message 849,warning
850,User 850,user850@mail.com,+380991110850,DoorSensor,Room 2,inactive,Notification message 850,alarm
851,User 851,user851@mail.com,+380991110851,SmokeSensor,Room 26,active,Notification message 851,info
852,User 852,user852@mail.com,+380991110852,SmokeSensor,Room 42,inactive,Notification message 852,info
853,User 853,user853@mail.com,+380991110853,DoorSensor,Room 10,active,Notification message 853,alarm
854,User 854,user854@mail.com,+380991110854,DoorSensor,Room 6,inactive,Notification message 854,info
855,User 855,user855@mail.com,+380991110855,MotionSensor,Room 45,inactive,Notification message 855,info
856,User 856,user856@mail.com,+380991110856,SmokeSensor,Room 16,active,Notification message 856,info
857,User 857,user857@mail.com,+380991110857,SmokeSensor,Room 19,active,Notification message 857,info
858,User 858,user858@mail.com,+380991110858,SmokeSensor,Room 23,active,Notification message 858,warning
859,User 859,user859@mail.com,+380991110859,SmokeSensor,Room 20,active,Notification message 859,alarm
860,User 860,user860@mail.com,+380991110860,DoorSensor,Room 35,active,Notification message 860,alarm
861,User 861,user861@mail.com,+380991110861,MotionSensor,Room 11,inactive,Notification message 861,warning
862,User 862,user862@mail.com,+380991110862,MotionSensor,Room 30,active,Notification message 862,info
863,User 863,user863@mail.com,+380991110863,MotionSensor,Room 25,active,Notification message 863,info
864,User 864,user864@mail.com,+380991110864,MotionSensor,Room 3,active,Notification message 864,info
865,User 865,user865@mail.com,+380991110865,MotionSensor,Room 7,inactive,Notification message 865,alarm
866,User 866,user866@mail.com,+380991110866,MotionSensor,Room 31,inactive,Notification message 866,alarm
867,User 867,user867@mail.com,+380991110867,DoorSensor,Room 41,active,Notification message 867,info
868,User 868,user868@mail.com,+380991110868,SmokeSensor,Room 18,active,Notification message 868,alarm
869,User 869,user869@mail.com,+380991110869,SmokeSensor,Room 12,active,Notification message 869,warning
870,User 870,user870@mail.com,+380991110870,SmokeSensor,Room 37,inactive,Notification message 870,alarm
871,User 871,user871@mail.com,+380991110871,SmokeSensor,Room 24,inactive,Notification message 871,alarm
872,User 872,user872@mail.com,+380991110872,DoorSensor,Room 27,active,Notification message 872,warning
873,User 873,user873@mail.com,+380991110873,MotionSensor,Room 3,inactive,Notification message 873,info
874,User 874,user874@mail.com,+380991110874,MotionSensor,Room 49,inactive,Notification message 874,warning
875,User 875,user875@mail.com,+380991110875,SmokeSensor,Room 9,active,Notification message 875,info
876,User 876,user876@mail.com,+380991110876,MotionSensor,Room 26,inactive,Notification message 876,warning
877,User 877,user877@mail.com,+380991110877,MotionSensor,Room 7,inactive,Notification message 877,info
878,User 878,user878@mail.com,+380991110878,MotionSensor,Room 21,active,Notification message 878,info
879,User 879,user879@mail.com,+380991110879,SmokeSensor,Room 34,inactive,Notification message 879,info
880,User 880,user880@mail.com,+380991110880,DoorSensor,Room 35,inactive,Notification message 880,info
881,User 881,user881@mail.com,+380991110881,DoorSensor,Room 45,inactive,Notification message 881,warning
882,User 882,user882@mail.com,+380991110882,DoorSensor,Room 42,active,Notification message 882,warning
883,User 883,user883@mail.com,+380991110883,SmokeSensor,Room 43,inactive,Notification message 883,warning
884,User 884,user884@mail.com,+380991110884,MotionSensor,Room 41,active,Notification message 884,warning
885,User 885,user885@mail.com,+380991110885,DoorSensor,Room 50,inactive,Notification message 885,alarm
886,User 886,user886@mail.com,+380991110886,MotionSensor,Room 31,active,Notification message 886,info
887,User 887,user887@mail.com,+380991110887,MotionSensor,Room 40,active,Notification message 887,warning
888,User 888,user888@mail.com,+380991110888,DoorSensor,Room 12,inactive,Notification message 888,alarm
889,User 889,user889@mail.com,+380991110889,MotionSensor,Room 48,active,Notification message 889,warning
890,User 890,user890@mail.com,+380991110890,DoorSensor,Room 10,inactive,Notification message 890,info
891,User 891,user891@mail.com,+380991110891,MotionSensor,Room 34,active,Notification message 891,warning
892,User 892,user892@mail.com,+380991110892,DoorSensor,Room 22,active,Notification message 892,alarm
893,User 893,user893@mail.com,+380991110893,MotionSensor,Room 38,active,Notification message 893,alarm
894,User 894,user894@mail.com,+380991110894,SmokeSensor,Room 49,inactive,Notification message 894,info
895,User 895,user895@mail.com,+380991110895,MotionSensor,Room 17,inactive,Notification message 895,info
896,User 896,user896@mail.com,+380991110896,SmokeSensor,Room 24,active,Notification message 896,warning
897,User 897,user897@mail.com,+380991110897,MotionSensor,Room 45,active,Notification message 897,info
898,User 898,user898@mail.com,+380991110898,DoorSensor,Room 2,active,Notification message 898,warning
899,User 899,user899@mail.com,+380991110899,DoorSensor,Room 10,inactive,Notification message 899,info
900,User 900,user900@mail.com,+380991110900,MotionSensor,Room 46,active,Notification message 900,alarm
901,User 901,user901@mail.com,+380991110901,MotionSensor,Room 36,active,Notification message 901,info
902,User 902,user902@mail.com,+380991110902,MotionSensor,Room 5,inactive,Notification message 902,warning
903,User 903,user903@mail.com,+380991110903,DoorSensor,Room 20,inactive,Notification message 903,alarm
904,User 904,user904@mail.com,+380991110904,DoorSensor,Room 30,active,Notification message 904,alarm
905,User 905,user905@mail.com,+380991110905,DoorSensor,Room 18,inactive,Notification message 905,info
906,User 906,user906@mail.com,+380991110906,MotionSensor,Room 44,inactive,Notification message 906,info
907,User 907,user907@mail.com,+380991110907,SmokeSensor,Room 26,inactive,Notification message 907,alarm
908,User 908,user908@mail.com,+380991110908,SmokeSensor,Room 4,inactive,Notification message 908,info
909,User 909,user909@mail.com,+380991110909,SmokeSensor,Room 11,inactive,Notification message 909,warning
910,User 910,user910@mail.com,+380991110910,MotionSensor,Room 41,active,Notification message 910,warning
911,User 911,user911@mail.com,+380991110911,MotionSensor,Room 15,inactive,Notification message 911,info
912,User 912,user912@mail.com,+380991110912,MotionSensor,Room 41,active,Notification message 912,alarm
913,User 913,user913@mail.com,+380991110913,SmokeSensor,Room 1,inactive,Notification message 913,warning
914,User 914,user914@mail.com,+380991110914,MotionSensor,Room 42,active,Notification message 914,info
915,User 915,user915@mail.com,+380991110915,MotionSensor,Room 44,inactive,Notification message 915,warning
916,User 916,user916@mail.com,+380991110916,MotionSensor,Room 2,active,Notification message 916,alarm
917,User 917,user917@mail.com,+380991110917,DoorSensor,Room 2,inactive,Notification message 917,warning
918,User 918,user918@mail.com,+380991110918,SmokeSensor,Room 40,inactive,Notification message 918,alarm
919,User 919,user919@mail.com,+380991110919,MotionSensor,Room 25,active,Notification message 919,info
920,User 920,user920@mail.com,+380991110920,DoorSensor,Room 6,inactive,Notification message 920,warning
921,User 921,user921@mail.com,+380991110921,SmokeSensor,Room 10,inactive,Notification message 921,warning
922,User 922,user922@mail.com,+380991110922,DoorSensor,Room 10,inactive,Notification message 922,alarm
923,User 923,user923@mail.com,+380991110923,SmokeSensor,Room 11,active,Notification message 923,alarm
924,User 924,user924@mail.com,+380991110924,DoorSensor,Room 42,active,Notification message 924,alarm
925,User 925,user925@mail.com,+380991110925,MotionSensor,Room 3,active,Notification message 925,warning
926,User 926,user926@mail.com,+380991110926,MotionSensor,Room 7,inactive,Notification message 926,alarm
927,User 927,user927@mail.com,+380991110927,SmokeSensor,Room 33,inactive,Notification message 927,warning
928,User 928,user928@mail.com,+380991110928,DoorSensor,Room 10,active,Notification message 928,alarm
929,User 929,user929@mail.com,+380991110929,DoorSensor,Room 22,inactive,Notification message 929,alarm
930,User 930,user930@mail.com,+380991110930,DoorSensor,Room 33,active,Notification message 930,alarm
931,User 931,user931@mail.com,+380991110931,MotionSensor,Room 46,inactive,Notification message 931,alarm
932,User 932,user932@mail.com,+380991110932,SmokeSensor,Room 14,active,Notification message 932,alarm
933,User 933,user933@mail.com,+380991110933,MotionSensor,Room 7,active,Notification message 933,alarm
934,User 934,user934@mail.com,+380991110934,SmokeSensor,Room 18,active,Notification message 934,alarm
935,User 935,user935@mail.com,+380991110935,MotionSensor,Room 2,inactive,Notification message 935,alarm
936,User 936,user936@mail.com,+380991110936,DoorSensor,Room 42,inactive,Notification message 936,warning
937,User 937,user937@mail.com,+380991110937,DoorSensor,Room 35,inactive,Notification message 937,alarm
938,User 938,user938@mail.com,+380991110938,DoorSensor,Room 37,active,Notification message 938,warning
939,User 939,user939@mail.com,+380991110939,SmokeSensor,Room 11,inactive,Notification message 939,alarm
940,User 940,user940@mail.com,+380991110940,SmokeSensor,Room 46,inactive,Notification message 940,alarm
941,User 941,user941@mail.com,+380991110941,MotionSensor,Room 41,active,Notification message 941,warning
942,User 942,user942@mail.com,+380991110942,DoorSensor,Room 16,inactive,Notification message 942,warning
943,User 943,user943@mail.com,+380991110943,SmokeSensor,Room 18,active,Notification message 943,info
944,User 944,user944@mail.com,+380991110944,MotionSensor,Room 8,active,Notification message 944,alarm
945,User 945,user945@mail.com,+380991110945,MotionSensor,Room 33,inactive,Notification message 945,alarm
946,User 946,user946@mail.com,+380991110946,SmokeSensor,Room 41,active,Notification message 946,warning
947,User 947,user947@mail.com,+380991110947,SmokeSensor,Room 17,active,Notification message 947,info
948,User 948,user948@mail.com,+380991110948,SmokeSensor,Room 43,inactive,Notification message 948,alarm
949,User 949,user949@mail.com,+380991110949,MotionSensor,Room 46,active,Notification message 949,alarm
950,User 950,user950@mail.com,+380991110950,SmokeSensor,Room 34,active,Notification message 950,alarm
951,User 951,user951@mail.com,+380991110951,SmokeSensor,Room 7,active,Notification message 951,info
952,User 952,user952@mail.com,+380991110952,SmokeSensor,Room 10,inactive,Notification message 952,info
953,User 953,user953@mail.com,+380991110953,SmokeSensor,Room 33,active,Notification message 953,alarm
954,User 954,user954@mail.com,+380991110954,MotionSensor,Room 32,active,Notification message 954,warning
955,User 955,user955@mail.com,+380991110955,DoorSensor,Room 50,active,Notification message 955,alarm
956,User 956,user956@mail.com,+380991110956,DoorSensor,Room 19,inactive,Notification message 956,alarm
957,User 957,user957@mail.com,+380991110957,SmokeSensor,Room 24,inactive,Notification message 957,alarm
958,User 958,user958@mail.com,+380991110958,MotionSensor,Room 26,inactive,Notification message 958,warning
959,User 959,user959@mail.com,+380991110959,DoorSensor,Room 43,active,Notification message 959,info
960,User 960,user960@mail.com,+380991110960,SmokeSensor,Room 12,inactive,Notification message 960,alarm
961,User 961,user961@mail.com,+380991110961,SmokeSensor,Room 38,active,Notification message 961,info
962,User 962,user962@mail.com,+380991110962,MotionSensor,Room 44,inactive,Notification message 962,info
963,User 963,user963@mail.com,+380991110963,SmokeSensor,Room 4,inactive,Notification message 963,alarm
964,User 964,user964@mail.com,+380991110964,MotionSensor,Room 20,inactive,Notification message 964,alarm
965,User 965,user965@mail.com,+380991110965,MotionSensor,Room 31,active,Notification message 965,warning
966,User 966,user966@mail.com,+380991110966,SmokeSensor,Room 50,active,Notification message 966,warning
967,User 967,user967@mail.com,+380991110967,MotionSensor,Room 31,active,Notification message 967,warning
968,User 968,user968@mail.com,+380991110968,DoorSensor,Room 39,inactive,Notification message 968,info
969,User 969,user969@mail.com,+380991110969,MotionSensor,Room 26,inactive,Notification message 969,alarm
970,User 970,user970@mail.com,+380991110970,DoorSensor,Room 29,active,Notification message 970,warning
971,User 971,user971@mail.com,+380991110971,MotionSensor,Room 6,active,Notification message 971,alarm
972,User 972,user972@mail.com,+380991110972,SmokeSensor,Room 13,inactive,Notification message 972,warning
973,User 973,user973@mail.com,+380991110973,DoorSensor,Room 21,active,Notification message 973,alarm
974,User 974,user974@mail.com,+380991110974,SmokeSensor,Room 32,inactive,Notification message 974,info
975,User 975,user975@mail.com,+380991110975,DoorSensor,Room 3,active,Notification message 975,info
976,User 976,user976@mail.com,+380991110976,SmokeSensor,Room 46,active,Notification message 976,info
977,User 977,user977@mail.com,+380991110977,MotionSensor,Room 41,active,Notification message 977,info
978,User 978,user978@mail.com,+380991110978,MotionSensor,Room 3,inactive,Notification message 978,info
979,User 979,user979@mail.com,+380991110979,MotionSensor,Room 48,inactive,Notification message 979,info
980,User 980,user980@mail.com,+380991110980,DoorSensor,Room 5,inactive,Notification message 980,info
981,User 981,user981@mail.com,+380991110981,DoorSensor,Room 25,inactive,Notification message 981,alarm
982,User 982,user982@mail.com,+380991110982,MotionSensor,Room 46,inactive,Notification message 982,info
983,User 983,user983@mail.com,+380991110983,DoorSensor,Room 28,inactive,Notification message 983,warning
984,User 984,user984@mail.com,+380991110984,SmokeSensor,Room 3,inactive,Notification message 984,warning
985,User 985,user985@mail.com,+380991110985,MotionSensor,Room 36,inactive,Notification message 985,alarm
986,User 986,user986@mail.com,+380991110986,SmokeSensor,Room 29,inactive,Notification message 986,alarm
987,User 987,user987@mail.com,+380991110987,DoorSensor,Room 15,active,Notification message 987,warning
988,User 988,user988@mail.com,+380991110988,DoorSensor,Room 4,inactive,Notification message 988,alarm
989,User 989,user989@mail.com,+380991110989,MotionSensor,Room 25,active,Notification message 989,info
990,User 990,user990@mail.com,+380991110990,DoorSensor,Room 12,inactive,Notification message 990,warning
991,User 991,user991@mail.com,+380991110991,MotionSensor,Room 25,inactive,Notification message 991,alarm
992,User 992,user992@mail.com,+380991110992,SmokeSensor,Room 41,active,Notification message 992,info
993,User 993,user993@mail.com,+380991110993,DoorSensor,Room 34,inactive,Notification message 993,alarm
994,User 994,user994@mail.com,+380991110994,MotionSensor,Room 31,active,Notification message 994,info
995,User 995,user995@mail.com,+380991110995,MotionSensor,Room 34,active,Notification message 995,warning
996,User 996,user996@mail.com,+380991110996,DoorSensor,Room 30,active,Notification message 996,warning
997,User 997,user997@mail.com,+380991110997,DoorSensor,Room 27,active,Notification message 997,info
998,User 998,user998@mail.com,+380991110998,SmokeSensor,Room 21,inactive,Notification message 998,warning
999,User 999,user999@mail.com,+380991110999,DoorSensor,Room 16,inactive,Notification message 999,warning
1000,User 1000,user1000@mail.com,+380991111000,SmokeSensor,Room 41,inactive,Notification message 1000,info
